attack,victim,session,session_id,checkpoint,decision_id,action,risk,confidence,top_channel,constraints,transfer_status,round_trip_ms,handler_ms,read_ms,score_ms,write_ms,publish_ms,workflow_ms
genuine,s002,0,sim-e32e1ae6f2c75a56f60688b8994fed9f,login,9f84dbe573d94dbf9c13b549cae705a0,allow,17.58,0.4053,behaviour,,,383.7,151.4,71.0,0.3,14.3,65.3,
genuine,s002,0,sim-e32e1ae6f2c75a56f60688b8994fed9f,payee,86f51214f36e44a7ab8cafa995854d6f,allow,17.7,0.586,behaviour,,,222.6,44.3,11.4,0.3,22.2,10.1,
genuine,s002,0,sim-e32e1ae6f2c75a56f60688b8994fed9f,amount,b041c26c430040e697d82cb2c172f80e,allow,19.39,0.9272,behaviour,,,214.4,45.1,10.3,0.3,25.3,9.0,
genuine,s002,0,sim-e32e1ae6f2c75a56f60688b8994fed9f,confirmation,e19140d53129439d9d064fc17a89515a,monitor,28.03,0.9602,behaviour,,processing,319.0,173.0,20.6,0.4,39.2,8.5,104.1
genuine,s002,1,sim-eb5f944e1f7eb5057255fb11da8071df,login,ac001b34540e41c19d03cdb3cb4b04c9,monitor,24.18,0.4053,behaviour,,,200.5,41.2,10.0,0.3,21.9,8.9,
genuine,s002,1,sim-eb5f944e1f7eb5057255fb11da8071df,payee,7f34d5d9832744ac99d608fe870989de,monitor,30.87,0.586,behaviour,,,193.0,49.8,22.1,0.3,18.7,8.5,
genuine,s002,1,sim-eb5f944e1f7eb5057255fb11da8071df,amount,dbfb7e64c1a14711a01eaad287d00545,allow,21.53,0.9272,behaviour,,,243.4,43.0,10.6,0.3,21.6,10.2,
genuine,s002,1,sim-eb5f944e1f7eb5057255fb11da8071df,confirmation,5520f7cf834b495eb7427905c90b6403,monitor,27.48,0.9602,behaviour,,processing,311.7,107.7,10.7,0.4,57.3,9.4,29.7
genuine,s002,2,sim-b50c2af2e2c5d8b481f5b024a0220be7,login,1e1f277d8fb54fa1a35bcf7b1de5994e,allow,22.23,0.4053,behaviour,,,204.9,45.8,10.4,0.3,26.2,8.7,
genuine,s002,2,sim-b50c2af2e2c5d8b481f5b024a0220be7,payee,131416f256c54c97974f2358847743d4,monitor,29.18,0.586,behaviour,,,211.7,45.6,10.8,0.3,20.3,14.0,
genuine,s002,2,sim-b50c2af2e2c5d8b481f5b024a0220be7,amount,80f2746dbb2247b6ab7c8d9278c3d0da,step_up,38.58,0.9272,behaviour,,,239.7,51.0,11.6,0.3,24.7,14.2,
genuine,s002,2,sim-b50c2af2e2c5d8b481f5b024a0220be7,confirmation,32c8e24cec73469e85271d04e8e68ace,step_up,45.14,0.9602,behaviour,,awaiting_step_up,275.4,103.6,11.4,0.4,55.7,8.9,26.9
genuine,s002,3,sim-eeb2ad2bcfc0d105ef579343bce5132d,login,8f39ec7eff7c4da695eb8dd0b50c7709,allow,20.09,0.4053,behaviour,,,187.6,44.6,10.9,0.3,24.6,8.6,
genuine,s002,3,sim-eeb2ad2bcfc0d105ef579343bce5132d,payee,aec23fa2443541439e259e6b74a18847,allow,22.97,0.586,behaviour,,,311.1,144.9,117.7,0.3,18.4,8.4,
genuine,s002,3,sim-eeb2ad2bcfc0d105ef579343bce5132d,amount,68a28641724f4b18bcf4f4cd9321cd42,monitor,28.59,0.9272,behaviour,,,201.5,55.4,13.2,0.3,32.3,9.3,
genuine,s002,3,sim-eeb2ad2bcfc0d105ef579343bce5132d,confirmation,1af9e92b2bb3498e89fd5968d992215b,monitor,32.58,0.9602,behaviour,,processing,235.2,123.8,32.1,0.4,39.1,19.8,32.1
genuine,s002,4,sim-bde25c7aed4728a09ce4e816eab68fed,login,345d54280c4a485bb6b80360a633318c,allow,22.72,0.4053,behaviour,,,214.5,48.4,21.2,0.3,18.7,7.9,
genuine,s002,4,sim-bde25c7aed4728a09ce4e816eab68fed,payee,9f29302ac29e44f19d0da566f8ca6b2c,monitor,26.57,0.586,behaviour,,,166.2,54.3,21.7,0.3,23.4,8.7,
genuine,s002,4,sim-bde25c7aed4728a09ce4e816eab68fed,amount,05dbd3233fa047c5ad86c251c184dfb5,monitor,34.99,0.9272,behaviour,,,161.6,53.5,21.9,0.3,22.6,8.5,
genuine,s002,4,sim-bde25c7aed4728a09ce4e816eab68fed,confirmation,68be8a7baa074d368f13782b9fba2163,monitor,36.48,0.9602,behaviour,,processing,303.5,115.4,11.8,0.4,63.7,9.0,30.3
takeover,s002,0,sim-91a78a158ba536cf68d83e0cae34fa80,login,4d43cba774644a2bb3b183a4255e4519,step_up,41.14,0.4053,behaviour,,,214.0,45.2,12.8,0.3,23.0,8.9,
takeover,s002,0,sim-91a78a158ba536cf68d83e0cae34fa80,payee,8aa1a193224b4178826d65bb91819cf1,step_up,55.51,0.586,behaviour,,,166.2,46.6,13.2,0.3,18.8,14.1,
takeover,s002,0,sim-91a78a158ba536cf68d83e0cae34fa80,amount,ddc1906a6e4d41eaa8e6fcd58ac3fbc5,step_up,99.07,0.9272,transaction,checkpoint,,232.7,53.9,22.4,0.4,22.5,8.4,
takeover,s002,0,sim-91a78a158ba536cf68d83e0cae34fa80,confirmation,b176a2cafdfa4dbaa30a97daf45abf5f,block,99.28,0.9602,transaction,,blocked,310.9,120.9,12.3,0.4,63.7,8.7,35.5
takeover,s002,1,sim-e2422d6712341d8cde32bed4a17c2ded,login,1b255833513b4a6580f2676e83dc1f95,monitor,34.81,0.4053,context,,,202.9,49.6,22.0,0.3,18.4,8.7,
takeover,s002,1,sim-e2422d6712341d8cde32bed4a17c2ded,payee,17788b624c8648a38816e046d407dd7d,monitor,36.03,0.586,context,,,184.9,52.7,22.2,0.3,21.1,8.9,
takeover,s002,1,sim-e2422d6712341d8cde32bed4a17c2ded,amount,1ba474113849482b8288c17deb259fee,step_up,98.33,0.9272,transaction,checkpoint,,179.9,50.9,13.1,0.4,28.5,8.8,
takeover,s002,1,sim-e2422d6712341d8cde32bed4a17c2ded,confirmation,67686ea961ad4ed1acbabafb469b143e,block,98.91,0.9602,transaction,,blocked,266.8,136.2,12.7,0.4,81.7,9.4,31.8
takeover,s002,2,sim-92dc4ff0d5917441e312c1159f4d4f3d,login,fe731e0284334a3eb3fb07254ea278a6,step_up,44.1,0.4053,behaviour,,,228.6,53.1,12.1,20.4,11.8,8.6,
takeover,s002,2,sim-92dc4ff0d5917441e312c1159f4d4f3d,payee,d51ae1f099944280916a6cfb24da2e96,step_up,58.12,0.586,behaviour,,,204.3,47.2,12.5,0.3,19.6,14.5,
takeover,s002,2,sim-92dc4ff0d5917441e312c1159f4d4f3d,amount,7516bd3eef194d20b4edd7e55dff52df,step_up,99.38,0.9272,transaction,checkpoint,,175.3,64.7,13.0,0.4,41.8,9.3,
takeover,s002,2,sim-92dc4ff0d5917441e312c1159f4d4f3d,confirmation,9be26f1823324dac8a8435503a23a13e,block,99.61,0.9602,transaction,,blocked,278.1,129.0,23.2,0.4,57.3,19.8,28.1
takeover,s002,3,sim-e13f5db218e91f82f15c797909d15345,login,e4529371e0034688aa803ed1a44e15ce,monitor,31.52,0.4053,context,,,159.7,48.5,12.3,10.3,16.9,8.7,
takeover,s002,3,sim-e13f5db218e91f82f15c797909d15345,payee,9a6eae1f19ed4949959911f3715b57f5,monitor,33.84,0.586,context,,,211.5,59.5,23.0,0.3,21.9,14.0,
takeover,s002,3,sim-e13f5db218e91f82f15c797909d15345,amount,fcf7a4bc452740f7962af693db92a00f,step_up,98.29,0.9272,transaction,checkpoint,,212.1,65.0,13.0,0.4,42.5,8.9,
takeover,s002,3,sim-e13f5db218e91f82f15c797909d15345,confirmation,1b12bd5c730c4c3b8770959985bce4b1,block,98.77,0.9602,transaction,,blocked,246.1,136.7,14.8,0.4,82.7,8.9,29.6
takeover,s002,4,sim-a82213082c1af17dbfaadcc9dc26cd11,login,05feb0fd94c64003be4e215275968d56,step_up,43.26,0.4053,behaviour,,,195.5,51.0,13.3,0.3,28.6,8.6,
takeover,s002,4,sim-a82213082c1af17dbfaadcc9dc26cd11,payee,0b0b31a38d9d4afda185f9eda71ca2df,step_up,61.18,0.586,behaviour,,,260.2,57.8,13.2,0.3,35.8,8.2,
takeover,s002,4,sim-a82213082c1af17dbfaadcc9dc26cd11,amount,4431b34f4e984ee3a963195189f6016e,step_up,99.27,0.9272,transaction,checkpoint,,153.4,52.1,24.0,0.4,18.9,8.5,
takeover,s002,4,sim-a82213082c1af17dbfaadcc9dc26cd11,confirmation,f377ad1ae11c4dc9ae074e596b45b256,block,99.56,0.9602,transaction,,blocked,258.2,130.7,24.0,0.4,58.5,19.8,27.7
bot,s002,0,sim-78599e0281cb1d3884536678b9f52001,login,b5a13fd4110a432280a818d21ec6f3f9,step_up,95.06,0.4053,automation,friction_ceiling,,205.9,55.7,23.2,0.3,23.8,8.1,
bot,s002,0,sim-78599e0281cb1d3884536678b9f52001,payee,6d5f262d91d54b2ba944ebcd9d18ff0f,step_up,99.63,0.586,automation,friction_ceiling,,220.1,78.2,23.4,0.3,20.0,34.3,
bot,s002,0,sim-78599e0281cb1d3884536678b9f52001,amount,dc0bcda546a249dfa9bebbfaeee46d95,step_up,99.84,0.9272,automation,friction_ceiling,,185.7,58.4,14.1,0.4,31.4,12.3,
bot,s002,0,sim-78599e0281cb1d3884536678b9f52001,confirmation,d3e9d77065a04f59b297882f3364d97e,step_up,99.91,0.9602,automation,friction_ceiling,awaiting_step_up,308.0,137.9,14.3,0.4,75.3,19.9,27.9
bot,s002,1,sim-76ba84121e00ae26c521239448bd0d3b,login,011d97f892ef4b4bb5d31df70978b5ce,step_up,95.06,0.4053,automation,friction_ceiling,,161.8,54.3,13.3,0.3,32.0,8.5,
bot,s002,1,sim-76ba84121e00ae26c521239448bd0d3b,payee,2af8c2aff6964145a94a3afc04356e42,step_up,99.63,0.586,automation,friction_ceiling,,184.0,65.4,34.0,0.3,23.0,7.8,
bot,s002,1,sim-76ba84121e00ae26c521239448bd0d3b,amount,794869accfae487eaf8a7b88f01b1b6f,step_up,99.84,0.9272,automation,friction_ceiling,,173.2,64.5,13.9,0.4,41.9,8.2,
bot,s002,1,sim-76ba84121e00ae26c521239448bd0d3b,confirmation,273d3616c1044162b2de445cd0d26c37,step_up,99.91,0.9602,automation,friction_ceiling,awaiting_step_up,250.9,138.8,24.5,0.4,75.3,8.9,29.5
bot,s002,2,sim-bb7cafff32c2bc9e4bb3858f3a24cc76,login,02ae5d36c83b4e94bb3d133857e5f77c,step_up,95.06,0.4053,automation,friction_ceiling,,169.5,57.9,13.4,0.3,35.4,8.5,
bot,s002,2,sim-bb7cafff32c2bc9e4bb3858f3a24cc76,payee,4399a2d418d74434aa8c838d1bf01504,step_up,99.63,0.586,automation,friction_ceiling,,168.5,57.8,23.9,0.3,24.8,8.5,
bot,s002,2,sim-bb7cafff32c2bc9e4bb3858f3a24cc76,amount,7ae584e010074699b7bc1e253ee95db5,step_up,99.84,0.9272,automation,friction_ceiling,,177.9,66.5,14.1,0.4,43.1,8.7,
bot,s002,2,sim-bb7cafff32c2bc9e4bb3858f3a24cc76,confirmation,9cdd2d26ecc948b8806bac9af526d1aa,step_up,99.91,0.9602,automation,friction_ceiling,awaiting_step_up,262.4,134.3,14.0,0.4,82.2,8.8,28.7
bot,s002,3,sim-c992acbb153e4533d9f941267abe6e07,login,c9b2ab5b807b4f88bcf527af0f836ed6,step_up,95.06,0.4053,automation,friction_ceiling,,180.7,63.1,34.0,0.3,20.7,7.8,
bot,s002,3,sim-c992acbb153e4533d9f941267abe6e07,payee,221cd5d6d57c4ebca1794025cdf58e77,step_up,99.63,0.586,automation,friction_ceiling,,180.4,58.3,14.3,0.3,33.0,10.4,
bot,s002,3,sim-c992acbb153e4533d9f941267abe6e07,amount,ad9f7a4add874c8da1ba7d5c67417aac,step_up,99.84,0.9272,automation,friction_ceiling,,212.0,63.6,14.2,0.4,41.3,7.5,
bot,s002,3,sim-c992acbb153e4533d9f941267abe6e07,confirmation,716016bb57bb49b38a949194dbf48068,step_up,99.91,0.9602,automation,friction_ceiling,awaiting_step_up,250.3,143.3,26.3,0.4,74.9,8.4,33.1
bot,s002,4,sim-e46cfed1cbb3d92a82e7f0f5533fe898,login,8e8e84100a8c4597bea2a11a31a4e459,step_up,95.06,0.4053,automation,friction_ceiling,,186.9,64.1,13.2,0.3,40.6,9.8,
bot,s002,4,sim-e46cfed1cbb3d92a82e7f0f5533fe898,payee,be7e791a6df64cd4bf61365b0a27fced,step_up,99.63,0.586,automation,friction_ceiling,,169.8,59.9,23.5,0.3,21.1,14.7,
bot,s002,4,sim-e46cfed1cbb3d92a82e7f0f5533fe898,amount,486eb7954b9940f089eec230c9999337,step_up,99.84,0.9272,automation,friction_ceiling,,180.3,58.6,14.2,0.4,29.4,14.3,
bot,s002,4,sim-e46cfed1cbb3d92a82e7f0f5533fe898,confirmation,c9c24686877642439966668181380cd3,step_up,99.91,0.9602,automation,friction_ceiling,awaiting_step_up,277.2,139.5,24.6,0.4,76.9,9.0,28.3
replay,s002,0,sim-4d146dc4a72c164441cb662877f9b32e,login,7c8985b31f444fe0bbb21e7dbc9949f7,step_up,93.63,0.4053,automation,friction_ceiling,,155.5,52.1,13.3,0.3,29.4,8.9,
replay,s002,0,sim-4d146dc4a72c164441cb662877f9b32e,payee,498b7348b4204f6bbe35b1f1789998c6,step_up,99.07,0.586,automation,friction_ceiling,,174.0,52.7,13.9,10.4,20.3,7.8,
replay,s002,0,sim-4d146dc4a72c164441cb662877f9b32e,amount,ec05bb757d46449caf79c6582d4d41f9,step_up,99.21,0.9272,automation,friction_ceiling,,164.2,57.9,14.1,0.5,25.3,7.8,
replay,s002,0,sim-4d146dc4a72c164441cb662877f9b32e,confirmation,7794d9bb586c4e0ca3d93271f374c44b,step_up,99.34,0.9602,automation,friction_ceiling,awaiting_step_up,305.4,141.4,34.4,0.5,59.9,19.8,26.6
replay,s002,1,sim-33586c57651b1c244d281005534f3cfc,login,9c0d7231a9c740ecbd11fdb03593a162,step_up,88.81,0.4053,automation,friction_ceiling,,172.7,63.1,13.9,0.3,40.8,7.8,
replay,s002,1,sim-33586c57651b1c244d281005534f3cfc,payee,0c62b90628bf4035ac8f93a895d90e71,step_up,98.13,0.586,automation,friction_ceiling,,199.1,67.1,14.0,0.4,42.0,10.5,
replay,s002,1,sim-33586c57651b1c244d281005534f3cfc,amount,c59cdc1ae95147db91e8b718a856c99c,step_up,98.08,0.9272,automation,friction_ceiling,,182.7,66.2,35.3,0.4,22.7,7.5,
replay,s002,1,sim-33586c57651b1c244d281005534f3cfc,confirmation,6a975d4f622c4ee79989b758eb4dc1d6,step_up,97.94,0.9602,automation,friction_ceiling,awaiting_step_up,270.1,157.4,35.5,0.5,79.2,11.1,31.0
replay,s002,2,sim-57dafa857260da3d8e324798613412fd,login,6e3f944da6ea45f2a851371940b48820,step_up,88.41,0.4053,automation,friction_ceiling,,166.0,53.5,24.2,0.3,19.8,8.9,
replay,s002,2,sim-57dafa857260da3d8e324798613412fd,payee,f7b08820810f47d494af479ccd4309a7,step_up,97.37,0.586,automation,friction_ceiling,,211.0,70.8,35.2,0.4,26.1,8.9,
replay,s002,2,sim-57dafa857260da3d8e324798613412fd,amount,26a8daca678d4ab09dedf7366af2fe82,step_up,96.91,0.9272,automation,friction_ceiling,,194.0,75.2,19.0,0.4,46.9,8.6,
replay,s002,2,sim-57dafa857260da3d8e324798613412fd,confirmation,ddf1a044a65b4666b1f4901b5abe41d3,step_up,96.29,0.9602,automation,friction_ceiling,awaiting_step_up,306.7,155.1,35.6,0.4,84.6,8.8,25.4
replay,s002,3,sim-cfa1e8da04b0c3478386203e1c35d08d,login,46e95c1938e74228ba6cf8bc13e73aac,step_up,88.55,0.4053,automation,friction_ceiling,,184.9,64.1,14.9,0.3,41.0,7.7,
replay,s002,3,sim-cfa1e8da04b0c3478386203e1c35d08d,payee,119a86ca76264781900269ebe323df3a,step_up,97.78,0.586,automation,friction_ceiling,,185.1,67.7,35.2,0.4,23.8,8.0,
replay,s002,3,sim-cfa1e8da04b0c3478386203e1c35d08d,amount,97460ec8f6934a3ca721c9887cc60caa,step_up,98.62,0.9272,automation,friction_ceiling,,184.8,57.7,25.5,0.4,23.0,8.7,
replay,s002,3,sim-cfa1e8da04b0c3478386203e1c35d08d,confirmation,bea529bc7dea4ceb835c50ab72248c8e,step_up,98.09,0.9602,automation,friction_ceiling,awaiting_step_up,294.4,145.4,25.6,0.4,75.1,8.2,35.8
replay,s002,4,sim-f844696fd382e35ebbc9ff76ca3f6cf4,login,078d14439aee4cd49783de2c8009aef7,step_up,87.91,0.4053,automation,friction_ceiling,,241.8,64.0,15.1,0.3,40.6,7.7,
replay,s002,4,sim-f844696fd382e35ebbc9ff76ca3f6cf4,payee,b5edb3df45954d86a43cc983ff63a117,step_up,97.32,0.586,automation,friction_ceiling,,201.5,58.6,25.9,0.4,23.7,8.4,
replay,s002,4,sim-f844696fd382e35ebbc9ff76ca3f6cf4,amount,40730f5eb08743ff9def8797a999af01,step_up,96.59,0.9272,automation,friction_ceiling,,181.5,61.2,15.8,0.4,36.7,8.1,
replay,s002,4,sim-f844696fd382e35ebbc9ff76ca3f6cf4,confirmation,f10e5bdb1cfa422fa754436d8622c9b9,step_up,96.44,0.9602,automation,friction_ceiling,awaiting_step_up,269.5,161.8,35.9,0.5,85.1,8.4,31.8
poisoning,s002,0,sim-e61facc91cbb86d46350c21e5acc78bd,login,0ddfc9c07a974d00a35691b8d5f8c43f,allow,20.54,0.4053,behaviour,,,185.0,66.9,35.5,0.4,22.7,8.2,
poisoning,s002,0,sim-e61facc91cbb86d46350c21e5acc78bd,payee,67b340b207804cbaac7e68f75fd78b3e,monitor,26.46,0.586,behaviour,,,177.1,61.2,36.1,0.4,15.8,8.8,
poisoning,s002,0,sim-e61facc91cbb86d46350c21e5acc78bd,amount,e256179f957340bfbe3e427532208b69,monitor,32.12,0.9272,behaviour,,,182.0,70.1,35.8,0.5,25.7,7.9,
poisoning,s002,0,sim-e61facc91cbb86d46350c21e5acc78bd,confirmation,fd184487d3aa4c18b5d66aa09d225662,step_up,39.56,0.9602,behaviour,,awaiting_step_up,255.8,135.3,15.8,0.4,78.4,13.9,26.5
poisoning,s002,1,sim-c81b131a5850a26f052b25e84409bb29,login,9697b389ea4e4b04a52170c3cb0717c2,monitor,24.0,0.4053,behaviour,,,223.8,58.7,27.7,0.3,21.8,8.6,
poisoning,s002,1,sim-c81b131a5850a26f052b25e84409bb29,payee,f10a98b1b43545dea6ca6edae4fa7249,monitor,27.67,0.586,behaviour,,,179.8,73.0,26.1,0.4,38.2,8.1,
poisoning,s002,1,sim-c81b131a5850a26f052b25e84409bb29,amount,1a3e6796ca8840ef936e4303902c734e,monitor,28.85,0.9272,behaviour,,,205.1,76.2,16.4,0.4,46.6,12.7,
poisoning,s002,1,sim-c81b131a5850a26f052b25e84409bb29,confirmation,141d030af0f14a89aa0cd4b8a5a3d152,step_up,37.95,0.9602,behaviour,,awaiting_step_up,289.9,167.0,36.7,0.5,88.9,8.2,32.5
poisoning,s002,2,sim-d740c82e1bb1987707c832d5757e86b6,login,9060865084304ab3a21c085c77f1584f,monitor,28.84,0.4053,behaviour,,,207.9,77.1,26.4,0.4,32.7,17.4,
poisoning,s002,2,sim-d740c82e1bb1987707c832d5757e86b6,payee,7ba60dc52ed74c47b5c5c1c4eef2d874,step_up,37.08,0.586,behaviour,,,184.0,72.8,18.6,0.4,42.1,11.5,
poisoning,s002,2,sim-d740c82e1bb1987707c832d5757e86b6,amount,25608fe310d7444098668b7c39ddbe03,step_up,50.55,0.9272,behaviour,,,172.4,67.9,17.9,0.5,41.5,7.9,
poisoning,s002,2,sim-d740c82e1bb1987707c832d5757e86b6,confirmation,e56f864f251b4e8e9d9265b734fe1333,step_up,58.32,0.9602,behaviour,,awaiting_step_up,289.1,184.6,27.2,0.5,93.9,37.2,25.6
poisoning,s002,3,sim-218c4019447143b028e1b390df3e9b7c,login,6bb73e326e9c4c079aea1e857a184b3a,allow,19.19,0.4053,behaviour,,,171.4,62.6,16.2,0.4,38.5,7.3,
poisoning,s002,3,sim-218c4019447143b028e1b390df3e9b7c,payee,cd7bd80ad9924b378588f1c221fd3f7e,allow,23.21,0.586,behaviour,,,184.7,69.7,16.8,0.4,41.9,10.4,
poisoning,s002,3,sim-218c4019447143b028e1b390df3e9b7c,amount,500c41cdf9614c0cb1d598232e4a2693,monitor,33.73,0.9272,behaviour,,,199.3,62.3,27.3,0.4,19.9,14.4,
poisoning,s002,3,sim-218c4019447143b028e1b390df3e9b7c,confirmation,fd6ec24052a8422f8177b8b21a8b7891,step_up,38.44,0.9602,behaviour,,awaiting_step_up,380.9,205.5,27.5,0.5,96.6,7.8,72.8
poisoning,s002,4,sim-01705cbdd877d7c209aa58ddbb9c1be4,login,ad9693f2d0754416bee5fc94a8ad305c,monitor,24.75,0.4053,behaviour,,,226.6,67.6,26.7,0.4,32.5,7.7,
poisoning,s002,4,sim-01705cbdd877d7c209aa58ddbb9c1be4,payee,afbbf3219a7e4c209fa948c992a40343,monitor,33.4,0.586,behaviour,,,323.8,60.0,27.4,0.4,24.0,8.0,
poisoning,s002,4,sim-01705cbdd877d7c209aa58ddbb9c1be4,amount,e8e2c1e11242448f858ace9181753efd,step_up,44.31,0.9272,behaviour,,,322.4,83.1,37.7,0.4,36.3,8.4,
poisoning,s002,4,sim-01705cbdd877d7c209aa58ddbb9c1be4,confirmation,79c24fbf83684ad499088f4af42fde49,step_up,51.89,0.9602,behaviour,,awaiting_step_up,524.3,176.3,38.7,0.5,98.1,7.8,31.1
genuine,s003,0,sim-cb21c62ef05de8cc423fb5e8d56e8521,login,edafda2662a6422c8807bb1d18a716ff,allow,18.26,0.4053,behaviour,,,306.5,82.7,9.9,0.2,23.1,49.2,
genuine,s003,0,sim-cb21c62ef05de8cc423fb5e8d56e8521,payee,000794eda3f24445b7d58431aa17d606,allow,18.25,0.586,behaviour,,,417.1,45.1,9.8,0.3,23.7,11.1,
genuine,s003,0,sim-cb21c62ef05de8cc423fb5e8d56e8521,amount,5b455760c8084d799fffcd4e48f0ebbb,allow,16.68,0.9272,behaviour,,,176.7,49.6,10.4,0.3,24.5,14.2,
genuine,s003,0,sim-cb21c62ef05de8cc423fb5e8d56e8521,confirmation,fd7b957941d8463dae0eca0866f3f0eb,allow,15.71,0.9602,behaviour,,processing,225.5,106.9,20.9,0.4,39.2,19.9,26.2
genuine,s003,1,sim-482922761ecb1f17398221347ba11cc0,login,70c025f2b2ea42b1b3193c1d9d140655,allow,16.71,0.4053,behaviour,,,153.1,42.6,12.1,0.3,21.9,8.0,
genuine,s003,1,sim-482922761ecb1f17398221347ba11cc0,payee,4f2e2216792140daaf5eaa7790b74b6e,allow,15.17,0.586,behaviour,,,159.3,42.1,10.5,0.3,23.1,8.0,
genuine,s003,1,sim-482922761ecb1f17398221347ba11cc0,amount,d92330450ce4443ea817c23206dc00e1,allow,12.27,0.9272,behaviour,,,154.1,52.3,21.2,0.3,22.5,8.1,
genuine,s003,1,sim-482922761ecb1f17398221347ba11cc0,confirmation,2e9ba19d1b94467db2d43ce55c086518,allow,11.37,0.9602,behaviour,,processing,263.0,140.3,11.4,0.4,51.0,37.6,39.8
genuine,s003,2,sim-18286f4063222257f6d5b642191d3beb,login,2589869e99fe42cda28721683918b413,allow,19.09,0.4053,behaviour,,,162.2,44.7,10.8,0.3,20.8,12.7,
genuine,s003,2,sim-18286f4063222257f6d5b642191d3beb,payee,990364032cb64aa5953ee784263d0478,allow,18.8,0.586,behaviour,,,168.3,42.5,11.0,0.3,23.0,7.9,
genuine,s003,2,sim-18286f4063222257f6d5b642191d3beb,amount,acd3f49a56b8485398bb7ee80778acda,allow,20.13,0.9272,behaviour,,,159.5,53.5,13.1,0.3,22.1,17.7,
genuine,s003,2,sim-18286f4063222257f6d5b642191d3beb,confirmation,ea261ec65de6424eb4485cd275afcea6,allow,20.31,0.9602,behaviour,,processing,229.1,110.9,11.5,0.4,61.6,8.7,28.6
genuine,s003,3,sim-bcc72a56b2294aba4a2d937015c48cf2,login,2a738d324a9d4208b6e13b5c34e4b3be,allow,18.75,0.4053,behaviour,,,163.4,48.4,11.1,0.3,22.3,14.6,
genuine,s003,3,sim-bcc72a56b2294aba4a2d937015c48cf2,payee,667154b3c7e24d83a313511dcdd285e9,allow,16.93,0.586,behaviour,,,147.1,46.0,11.2,0.3,25.1,9.1,
genuine,s003,3,sim-bcc72a56b2294aba4a2d937015c48cf2,amount,ca7bd4afd4104fd7a20a76c500318767,allow,14.56,0.9272,behaviour,,,157.8,51.6,11.8,0.3,21.5,17.8,
genuine,s003,3,sim-bcc72a56b2294aba4a2d937015c48cf2,confirmation,f5580461bed342af84a6106fcd07d3a9,allow,13.1,0.9602,behaviour,,processing,227.7,116.3,21.9,0.4,59.6,8.1,26.2
genuine,s003,4,sim-f0af993087bc8d9900fd0c39bd0913da,login,32c2a16e55bf43c2bc7c2c80bf955ec0,allow,20.33,0.4053,behaviour,,,161.6,51.0,22.1,0.3,20.7,7.7,
genuine,s003,4,sim-f0af993087bc8d9900fd0c39bd0913da,payee,fb4321fe1eb6435cbab5401fcbdde1a1,allow,20.77,0.586,behaviour,,,163.1,45.5,11.4,0.3,18.6,15.0,
genuine,s003,4,sim-f0af993087bc8d9900fd0c39bd0913da,amount,27f9a0684a2940be8fe4d184673f1175,allow,18.71,0.9272,behaviour,,,168.4,51.7,11.9,0.3,31.4,7.8,
genuine,s003,4,sim-f0af993087bc8d9900fd0c39bd0913da,confirmation,135e449983144617b0828ecf4b231442,allow,19.05,0.9602,behaviour,,processing,234.8,116.3,12.3,0.4,64.7,8.8,30.0
takeover,s003,0,sim-e84c841b7eaaec3cb968d55ef9fd48eb,login,e4622b0ff90f4ef29dd9a4ddc4c080ad,monitor,27.51,0.4053,context,,,176.2,45.8,11.7,0.3,20.3,13.3,
takeover,s003,0,sim-e84c841b7eaaec3cb968d55ef9fd48eb,payee,9cec9a7143a947108962dcf536c66dcd,monitor,24.35,0.586,context,,,178.2,51.8,12.2,0.3,30.7,8.4,
takeover,s003,0,sim-e84c841b7eaaec3cb968d55ef9fd48eb,amount,1d3f5929b70e4c72a9ed5d526d26f6e1,step_up,94.17,0.9272,transaction,checkpoint,,204.6,55.4,22.4,0.4,24.1,8.4,
takeover,s003,0,sim-e84c841b7eaaec3cb968d55ef9fd48eb,confirmation,c60a8c0d09ad457cb9fff9c3c5b0592c,block,93.85,0.9602,transaction,,blocked,233.9,122.0,13.0,0.4,72.2,9.7,26.5
takeover,s003,1,sim-a48bbf4e9741b9672678ecb6030660e6,login,a48332da16e9424b87f1c245c4882bac,monitor,26.64,0.4053,context,,,230.0,60.1,31.7,0.3,14.5,13.4,
takeover,s003,1,sim-a48bbf4e9741b9672678ecb6030660e6,payee,9172818765534dc8b8f9ed38725d8038,monitor,24.98,0.586,context,,,171.6,53.7,12.1,0.3,31.4,9.7,
takeover,s003,1,sim-a48bbf4e9741b9672678ecb6030660e6,amount,f1bb8f2f0bb74d9bac59b8716c94496b,step_up,94.7,0.9272,transaction,checkpoint,,187.6,61.9,12.3,0.4,40.5,8.5,
takeover,s003,1,sim-a48bbf4e9741b9672678ecb6030660e6,confirmation,c040eaa89ee3489dbb4fd4484991a3cd,block,94.3,0.9602,transaction,,blocked,227.6,117.8,12.6,0.4,71.2,8.2,25.3
takeover,s003,2,sim-ac0722d8ff9180da5eae9d04fb7a6104,login,118dfbce681a46d4baedfc774ed6767a,monitor,26.24,0.4053,context,,,182.7,53.7,22.4,0.3,22.7,8.1,
takeover,s003,2,sim-ac0722d8ff9180da5eae9d04fb7a6104,payee,1d209378690b4f2fa718c15729ac7ad7,monitor,24.61,0.586,context,,,216.7,56.0,12.7,0.3,34.0,8.7,
takeover,s003,2,sim-ac0722d8ff9180da5eae9d04fb7a6104,amount,46ea8ea8540a414496b8c7f21f101701,step_up,94.02,0.9272,transaction,checkpoint,,193.7,66.2,14.2,0.4,42.6,8.8,
takeover,s003,2,sim-ac0722d8ff9180da5eae9d04fb7a6104,confirmation,4e142b59d8ed41a1be1e12d4161fb414,block,93.53,0.9602,transaction,,blocked,264.8,123.0,13.2,0.4,55.7,19.8,33.6
takeover,s003,3,sim-acff010a379a36cfdc4abd0e618e30c1,login,88cb0c99b0f349b9b5c2d9890b3045f8,monitor,32.95,0.4053,context,,,178.3,53.5,23.2,0.3,21.8,8.0,
takeover,s003,3,sim-acff010a379a36cfdc4abd0e618e30c1,payee,b1803f76b9944f479f73facc47a438b4,monitor,27.08,0.586,context,,,196.0,56.4,12.9,0.3,34.2,8.7,
takeover,s003,3,sim-acff010a379a36cfdc4abd0e618e30c1,amount,235f7bf320d1410d9ffd78ea2e6e1945,step_up,94.55,0.9272,transaction,checkpoint,,178.3,65.3,37.1,0.4,19.4,8.2,
takeover,s003,3,sim-acff010a379a36cfdc4abd0e618e30c1,confirmation,b39a17bd8a534093b10078feb3b5c041,block,93.87,0.9602,transaction,,blocked,296.0,134.3,23.7,0.4,74.6,8.7,26.6
takeover,s003,4,sim-586a9ecef9d9178825ed560a20d7d635,login,a8f88c83e1d34820953e0e88db0930b4,monitor,28.7,0.4053,context,,,233.0,57.7,16.7,0.3,32.6,7.9,
takeover,s003,4,sim-586a9ecef9d9178825ed560a20d7d635,payee,e66dc28cf8304edf9eba221529ebbe17,monitor,28.35,0.586,context,,,182.2,61.6,25.2,0.3,21.3,14.5,
takeover,s003,4,sim-586a9ecef9d9178825ed560a20d7d635,amount,7eca9eda3f8b419caa30340843a310db,step_up,95.16,0.9272,transaction,checkpoint,,213.4,55.1,24.4,0.4,22.1,7.9,
takeover,s003,4,sim-586a9ecef9d9178825ed560a20d7d635,confirmation,7959105cb3d7450f8582d97b7f1f9174,block,94.78,0.9602,transaction,,blocked,247.7,139.3,14.2,0.4,84.6,8.4,31.4
bot,s003,0,sim-901ce54da48fe81b44f2b98f3e68300b,login,3e8f0b66a8b5476abf85ea9c5799c51d,step_up,92.07,0.4053,automation,friction_ceiling,,191.2,51.0,23.6,0.3,19.3,7.7,
bot,s003,0,sim-901ce54da48fe81b44f2b98f3e68300b,payee,a4dafae044c9480b9a9b622f69911229,step_up,99.0,0.586,automation,friction_ceiling,,197.3,66.8,13.6,0.3,41.7,11.0,
bot,s003,0,sim-901ce54da48fe81b44f2b98f3e68300b,amount,f053b63363f64bdf9c466ee307587b6c,step_up,99.29,0.9272,automation,friction_ceiling,,170.8,59.4,24.7,0.4,20.3,13.8,
bot,s003,0,sim-901ce54da48fe81b44f2b98f3e68300b,confirmation,b94c6ee9df7a4d55988a774fa2d2d703,step_up,99.44,0.9602,automation,friction_ceiling,awaiting_step_up,285.8,142.4,18.9,0.4,75.1,19.7,28.1
bot,s003,1,sim-518568c7098919ced9537f45358dbb1a,login,eff021aa04004c0e8d0dd6e0c9c4ee34,step_up,92.07,0.4053,automation,friction_ceiling,,184.8,55.4,23.6,0.3,22.6,8.6,
bot,s003,1,sim-518568c7098919ced9537f45358dbb1a,payee,075523551fb3405baf996ea5da2b34b3,step_up,99.0,0.586,automation,friction_ceiling,,202.4,70.4,14.0,20.5,27.6,8.1,
bot,s003,1,sim-518568c7098919ced9537f45358dbb1a,amount,8d4e1757a571441f990b506ea456da2d,step_up,99.29,0.9272,automation,friction_ceiling,,184.6,59.4,24.3,0.4,19.8,14.7,
bot,s003,1,sim-518568c7098919ced9537f45358dbb1a,confirmation,356f93508f35423bad86258f367b0987,step_up,99.44,0.9602,automation,friction_ceiling,awaiting_step_up,261.0,146.5,34.9,0.4,62.0,16.2,32.8
bot,s003,2,sim-8d75780adc280e031ea3ae84390c5bb6,login,e6deebdb19e54a3fa3aefcbbab7ec40f,step_up,92.07,0.4053,automation,friction_ceiling,,172.7,54.5,24.0,0.3,21.4,8.6,
bot,s003,2,sim-8d75780adc280e031ea3ae84390c5bb6,payee,d151d44412254100ae493368f514c6b9,step_up,99.0,0.586,automation,friction_ceiling,,174.3,60.9,15.8,0.3,36.4,8.3,
bot,s003,2,sim-8d75780adc280e031ea3ae84390c5bb6,amount,eeabe157ba264eae825d4d1c6a940af4,step_up,99.29,0.9272,automation,friction_ceiling,,191.1,48.9,14.3,0.4,19.2,14.7,
bot,s003,2,sim-8d75780adc280e031ea3ae84390c5bb6,confirmation,6ef8ac3b500f4ff385c9e498a65e334d,step_up,99.44,0.9602,automation,friction_ceiling,awaiting_step_up,247.3,133.4,14.8,0.4,71.3,19.7,26.9
bot,s003,3,sim-fed32635ed6487aaeabb007bfb89cd16,login,507951be2fa24b2e92ebb8c9c1c71d11,step_up,92.07,0.4053,automation,friction_ceiling,,178.9,57.1,13.9,0.3,28.5,14.3,
bot,s003,3,sim-fed32635ed6487aaeabb007bfb89cd16,payee,891a25d400ad4225a65f16597fc0392d,step_up,99.0,0.586,automation,friction_ceiling,,168.8,57.1,24.2,0.4,24.7,7.6,
bot,s003,3,sim-fed32635ed6487aaeabb007bfb89cd16,amount,4f0bc62c9e1b45e69574b673189b5e78,step_up,99.29,0.9272,automation,friction_ceiling,,179.1,71.3,14.9,20.5,25.5,10.2,
bot,s003,3,sim-fed32635ed6487aaeabb007bfb89cd16,confirmation,c35878a8e54a45ddaf661870079a7118,step_up,99.44,0.9602,automation,friction_ceiling,awaiting_step_up,257.0,138.4,25.8,0.4,59.9,19.7,32.4
bot,s003,4,sim-cedb23480a67c5afbd04d27392f99959,login,e8ca9c260c1746cea632a09e92aa18ea,step_up,92.07,0.4053,automation,friction_ceiling,,176.4,53.4,13.7,0.3,31.1,8.0,
bot,s003,4,sim-cedb23480a67c5afbd04d27392f99959,payee,68e0c73ea05d405e9c47204ef1d62554,step_up,99.0,0.586,automation,friction_ceiling,,188.3,65.5,34.3,0.3,22.8,7.8,
bot,s003,4,sim-cedb23480a67c5afbd04d27392f99959,amount,d86f07aed8f64389abb1836d34246df3,step_up,99.29,0.9272,automation,friction_ceiling,,174.3,56.5,24.4,0.4,23.5,8.0,
bot,s003,4,sim-cedb23480a67c5afbd04d27392f99959,confirmation,864cf6dc81fc414f83baf8167d83145e,step_up,99.44,0.9602,automation,friction_ceiling,awaiting_step_up,256.7,143.7,34.8,0.4,58.9,19.8,29.5
replay,s003,0,sim-3a00353959d7212d02f43265238f84ae,login,a82aaf82fd5a4b798ce65ea09571dda8,step_up,88.53,0.4053,automation,friction_ceiling,,150.5,47.9,14.1,0.3,19.2,14.1,
replay,s003,0,sim-3a00353959d7212d02f43265238f84ae,payee,3c091af55398431797cab573954d2167,step_up,97.86,0.586,automation,friction_ceiling,,209.0,57.6,14.0,0.3,35.3,7.8,
replay,s003,0,sim-3a00353959d7212d02f43265238f84ae,amount,e6a47d647ca74b6194c49c9beb526a9d,step_up,97.28,0.9272,automation,friction_ceiling,,189.9,62.1,24.6,0.4,22.0,14.9,
replay,s003,0,sim-3a00353959d7212d02f43265238f84ae,confirmation,7e48606c2b4a40399bcfcc377779416d,step_up,97.35,0.9602,automation,friction_ceiling,awaiting_step_up,274.8,142.6,14.4,0.4,93.2,8.8,25.5
replay,s003,1,sim-a5ce099bc8d8c1c8c0f80e5ff71e028c,login,8f8c0883bda0480e87153a2627294caf,step_up,89.44,0.4053,automation,friction_ceiling,,197.8,59.3,13.9,0.3,36.7,8.1,
replay,s003,1,sim-a5ce099bc8d8c1c8c0f80e5ff71e028c,payee,d8397e219f4d42dfb78d787f9e0ff9e6,step_up,97.53,0.586,automation,friction_ceiling,,200.2,61.3,14.3,0.4,38.4,8.1,
replay,s003,1,sim-a5ce099bc8d8c1c8c0f80e5ff71e028c,amount,73422485ed3e43b58e9cb395e5e44436,step_up,97.53,0.9272,automation,friction_ceiling,,174.4,69.6,24.8,0.4,35.6,8.7,
replay,s003,1,sim-a5ce099bc8d8c1c8c0f80e5ff71e028c,confirmation,783f911698414feca674774c7e189ba5,step_up,97.03,0.9602,automation,friction_ceiling,awaiting_step_up,263.7,152.7,25.5,0.5,74.6,19.7,32.3
replay,s003,2,sim-c4eb7b59577947632ed7856256b58504,login,1f509fade8b04efba2fe73994b3a29f0,step_up,88.35,0.4053,automation,friction_ceiling,,188.8,63.3,15.5,0.3,38.7,8.5,
replay,s003,2,sim-c4eb7b59577947632ed7856256b58504,payee,0149f3fde8bb46498f485bfd82f0e8b8,step_up,97.64,0.586,automation,friction_ceiling,,191.4,59.7,14.8,0.4,36.4,8.0,
replay,s003,2,sim-c4eb7b59577947632ed7856256b58504,amount,3bd79a82ac104100b65f0469de0bd178,step_up,97.34,0.9272,automation,friction_ceiling,,220.3,69.1,37.1,0.4,22.8,8.5,
replay,s003,2,sim-c4eb7b59577947632ed7856256b58504,confirmation,b06538e9409e4deb9ba7fb24866f18c0,step_up,96.83,0.9602,automation,friction_ceiling,awaiting_step_up,254.5,136.0,14.9,0.4,75.1,8.4,37.0
replay,s003,3,sim-3574fbf237f7581ec884dfe9ea8cea26,login,81ab207cf9e54bf89319b865cb4593ad,step_up,87.98,0.4053,automation,friction_ceiling,,198.4,65.2,15.0,0.3,41.7,7.9,
replay,s003,3,sim-3574fbf237f7581ec884dfe9ea8cea26,payee,7c3ab6a8273145c6811a28c7d5c94618,step_up,97.49,0.586,automation,friction_ceiling,,188.9,68.5,35.3,0.4,23.9,8.6,
replay,s003,3,sim-3574fbf237f7581ec884dfe9ea8cea26,amount,c2657229fa1c4077b0f15a23c41d49a4,step_up,96.45,0.9272,automation,friction_ceiling,,184.7,64.2,25.6,0.4,23.6,14.3,
replay,s003,3,sim-3574fbf237f7581ec884dfe9ea8cea26,confirmation,f174da78b1064ec5be3bb204d0a6f9e9,step_up,95.92,0.9602,automation,friction_ceiling,awaiting_step_up,291.2,164.0,35.9,0.5,86.7,10.9,29.8
replay,s003,4,sim-7dd6eb69e5365fa585eb87098e22d9c3,login,7d46d0b0792646d0b32a1561dc55e0f5,step_up,89.13,0.4053,automation,friction_ceiling,,214.6,65.2,15.1,0.3,41.5,8.1,
replay,s003,4,sim-7dd6eb69e5365fa585eb87098e22d9c3,payee,773539123a5746428b23348b12b8d6b2,step_up,97.8,0.586,automation,friction_ceiling,,184.6,56.5,15.5,0.4,31.7,8.7,
replay,s003,4,sim-7dd6eb69e5365fa585eb87098e22d9c3,amount,735889c76f6947d6ba9f0564729dd99a,step_up,97.41,0.9272,automation,friction_ceiling,,196.8,72.9,36.4,0.4,21.2,14.7,
replay,s003,4,sim-7dd6eb69e5365fa585eb87098e22d9c3,confirmation,d99cbbc7f8fe46d49577c75ad30c7682,step_up,96.64,0.9602,automation,friction_ceiling,awaiting_step_up,263.6,139.2,16.4,0.5,73.0,19.6,29.5
poisoning,s003,0,sim-4ac5e82e0c469fa48046150a9a186ab0,login,7e66ea1df6b64daaa2cbd70ebe160c18,allow,16.73,0.4053,behaviour,,,179.3,59.0,26.2,0.4,24.3,7.9,
poisoning,s003,0,sim-4ac5e82e0c469fa48046150a9a186ab0,payee,5f5bc0f347f140948de74a7faa054e23,allow,16.22,0.586,behaviour,,,179.6,65.4,36.5,0.4,19.9,8.5,
poisoning,s003,0,sim-4ac5e82e0c469fa48046150a9a186ab0,amount,f2b04bddae9d4d9e960f6fab2901799f,allow,15.34,0.9272,behaviour,,,199.9,71.5,17.6,0.4,42.2,11.1,
poisoning,s003,0,sim-4ac5e82e0c469fa48046150a9a186ab0,confirmation,ae01e8f6a4124264ab1b70dae2bd49f6,allow,15.5,0.9602,behaviour,,processing,269.2,150.2,26.9,0.5,89.5,9.3,23.7
poisoning,s003,1,sim-1d985aa0a508767606f734c2eaf2028c,login,2f9f137f3c3b467ab6912997e0d60b68,allow,16.99,0.4053,behaviour,,,196.8,59.2,26.5,0.4,24.2,8.0,
poisoning,s003,1,sim-1d985aa0a508767606f734c2eaf2028c,payee,69cf56f07e54463b897aec115140bbdd,allow,15.15,0.586,behaviour,,,199.3,67.0,26.7,0.4,25.1,14.5,
poisoning,s003,1,sim-1d985aa0a508767606f734c2eaf2028c,amount,41a1de173e3644eab81b0c10f42b3683,allow,14.28,0.9272,behaviour,,,200.9,66.7,26.7,0.4,24.6,14.7,
poisoning,s003,1,sim-1d985aa0a508767606f734c2eaf2028c,confirmation,df116f25aeb04a2abe9c8d963e61f814,allow,13.84,0.9602,behaviour,,processing,294.2,161.3,27.0,0.5,87.5,18.3,27.8
poisoning,s003,2,sim-926d38de103714ab0c56b69b0e50039f,login,a87e08a03a6c46cfbf77bb1fe925f59f,allow,18.14,0.4053,behaviour,,,183.9,72.0,18.8,0.4,38.2,14.5,
poisoning,s003,2,sim-926d38de103714ab0c56b69b0e50039f,payee,5919d8f36ea54df7ba2f5becd4f55433,allow,17.64,0.586,behaviour,,,188.5,62.6,26.7,0.4,20.3,15.0,
poisoning,s003,2,sim-926d38de103714ab0c56b69b0e50039f,amount,482fb229fb0f4fa799feb0a264950bf2,allow,17.01,0.9272,behaviour,,,207.6,78.5,17.8,0.5,51.5,8.4,
poisoning,s003,2,sim-926d38de103714ab0c56b69b0e50039f,confirmation,7229776461c848b1bd06bf24a04d4770,allow,17.58,0.9602,behaviour,,processing,307.1,180.2,38.0,0.5,97.0,8.6,35.8
poisoning,s003,3,sim-3df6d56d2c676b699710e8a6009861ab,login,5621f0592ff942479f01cae56ab2b3b0,allow,18.99,0.4053,behaviour,,,214.6,72.9,37.4,0.4,20.4,14.5,
poisoning,s003,3,sim-3df6d56d2c676b699710e8a6009861ab,payee,f5436dce948345cdaa632c7a9d09ac98,allow,15.36,0.586,behaviour,,,203.9,64.4,27.6,0.4,21.9,14.3,
poisoning,s003,3,sim-3df6d56d2c676b699710e8a6009861ab,amount,54e8e039963945e39aadd44946627b06,allow,13.82,0.9272,behaviour,,,225.8,82.6,38.5,0.5,35.3,8.1,
poisoning,s003,3,sim-3df6d56d2c676b699710e8a6009861ab,confirmation,3f997b8a6a6d43efbe35296e8e9cf1c6,allow,12.49,0.9602,behaviour,,processing,662.4,172.7,29.3,0.6,96.3,19.5,26.7
poisoning,s003,4,sim-e097454599219b380791074dfccd15c7,login,641b7dd337b4422dba5071259ccdbd9e,allow,18.46,0.4053,behaviour,,,169.7,62.5,18.4,0.4,29.2,14.3,
poisoning,s003,4,sim-e097454599219b380791074dfccd15c7,payee,ea687dbfdb8e4cc78ffce364d1476174,allow,18.53,0.586,behaviour,,,185.8,81.7,39.7,0.4,33.4,8.0,
poisoning,s003,4,sim-e097454599219b380791074dfccd15c7,amount,29b172b5d75c4c40957599ae2d84b9b0,allow,16.79,0.9272,behaviour,,,190.8,77.9,38.4,0.5,24.7,14.1,
poisoning,s003,4,sim-e097454599219b380791074dfccd15c7,confirmation,68765d4599874ff1a09038f4a5e04972,allow,16.3,0.9602,behaviour,,processing,291.6,181.0,38.8,0.5,96.8,9.8,34.8
genuine,s004,0,sim-59f8bc42b63c2476225b12c7f4be46c3,login,4efaec5b935349fbbed3f1404518b2d8,allow,17.58,0.4053,behaviour,,,179.7,79.0,9.8,0.2,22.3,46.4,
genuine,s004,0,sim-59f8bc42b63c2476225b12c7f4be46c3,payee,c49f80985e82400a82f07d4588c235d4,allow,15.66,0.586,behaviour,,,140.9,36.6,10.3,0.3,18.3,7.6,
genuine,s004,0,sim-59f8bc42b63c2476225b12c7f4be46c3,amount,e7b7382273d4474796dc529801a76a3f,allow,14.8,0.9272,behaviour,,,192.8,52.9,10.7,0.3,31.7,10.0,
genuine,s004,0,sim-59f8bc42b63c2476225b12c7f4be46c3,confirmation,3a826a89876844daa2569d673ebbbe13,allow,14.7,0.9602,behaviour,,processing,269.6,115.1,11.0,0.4,55.6,17.7,30.1
genuine,s004,1,sim-cf0a123a197310a619b235568e12fe8a,login,aa7983df144e460db1fea8631f4326c2,allow,17.82,0.4053,behaviour,,,152.0,41.8,10.6,0.3,22.6,8.2,
genuine,s004,1,sim-cf0a123a197310a619b235568e12fe8a,payee,8f3cf50292d843179dbd54b607fc727e,allow,16.8,0.586,behaviour,,,186.7,45.5,10.8,0.3,26.0,8.3,
genuine,s004,1,sim-cf0a123a197310a619b235568e12fe8a,amount,42bacb59e95441b494bd476e0b54ada2,allow,17.15,0.9272,behaviour,,,144.3,42.6,10.8,0.3,21.7,9.5,
genuine,s004,1,sim-cf0a123a197310a619b235568e12fe8a,confirmation,680c71fbd5dd4e969d90810c46ca7d23,allow,15.83,0.9602,behaviour,,processing,223.6,111.9,11.1,0.4,59.2,7.6,33.4
genuine,s004,2,sim-33d9c97ae2a01c19c1af3fdae70fd021,login,f34fe0fe91d44f51a5294e04a20f99d3,allow,16.63,0.4053,behaviour,,,184.7,43.2,10.7,0.3,23.9,8.2,
genuine,s004,2,sim-33d9c97ae2a01c19c1af3fdae70fd021,payee,6107370dd39e4fb7b928b100525c9790,allow,15.89,0.586,behaviour,,,149.6,40.1,10.9,0.3,21.1,7.6,
genuine,s004,2,sim-33d9c97ae2a01c19c1af3fdae70fd021,amount,92d138599c5c4c1c9c8b84308c7dd287,allow,13.88,0.9272,behaviour,,,149.0,45.5,11.3,0.3,26.6,7.0,
genuine,s004,2,sim-33d9c97ae2a01c19c1af3fdae70fd021,confirmation,6b52ca6c26f84e34bda91546869d9957,allow,13.73,0.9602,behaviour,,processing,238.6,116.3,11.9,0.4,57.9,19.9,26.0
genuine,s004,3,sim-42e6dd3e1109893118971729b8eb703a,login,96a8cb086e594c6fa33ba1b956091566,allow,22.01,0.4053,behaviour,,,173.0,54.4,11.9,0.3,31.7,10.3,
genuine,s004,3,sim-42e6dd3e1109893118971729b8eb703a,payee,b5502b0e29634b4a9f2bd50ebef4f8cc,allow,17.59,0.586,behaviour,,,169.4,47.3,11.3,0.3,21.2,14.3,
genuine,s004,3,sim-42e6dd3e1109893118971729b8eb703a,amount,1db91a7fd3434dc5adfa7692bcec3626,allow,15.53,0.9272,behaviour,,,158.0,57.0,11.6,0.3,37.0,7.9,
genuine,s004,3,sim-42e6dd3e1109893118971729b8eb703a,confirmation,b22d3997a33f4f8aad90f46d516fd3eb,allow,14.71,0.9602,behaviour,,processing,218.8,117.2,11.9,0.4,57.9,19.9,26.9
genuine,s004,4,sim-160180ab69d115e9dd79ce07af65781d,login,2afab0ff68be4af286c80e365ba25927,allow,20.03,0.4053,behaviour,,,159.7,47.6,21.8,0.3,18.0,7.4,
genuine,s004,4,sim-160180ab69d115e9dd79ce07af65781d,payee,61fab75beac04587b8b6ee39ab77a8bd,allow,19.46,0.586,behaviour,,,184.4,46.0,12.0,0.3,19.0,14.5,
genuine,s004,4,sim-160180ab69d115e9dd79ce07af65781d,amount,19319be3897b4b5fbd50c71c9860f75e,allow,18.66,0.9272,behaviour,,,149.4,46.1,12.0,0.4,19.1,14.4,
genuine,s004,4,sim-160180ab69d115e9dd79ce07af65781d,confirmation,ae459ba127554db69102f14c70ecc0a0,allow,17.15,0.9602,behaviour,,processing,229.5,124.5,12.1,0.4,67.4,14.0,30.4
takeover,s004,0,sim-274687bb35b027f2b9a0eb52e7528bb9,login,33d0d57990f245d2bc531ee71103583c,monitor,28.19,0.4053,context,,,163.2,52.5,22.0,0.3,21.7,8.3,
takeover,s004,0,sim-274687bb35b027f2b9a0eb52e7528bb9,payee,c7e2c3b0893542319b4b9308b43e82c5,monitor,28.35,0.586,context,,,173.5,45.0,11.8,0.3,18.3,14.3,
takeover,s004,0,sim-274687bb35b027f2b9a0eb52e7528bb9,amount,0aee8968d0f945da92aa9acbe6d1be58,step_up,95.48,0.9272,transaction,checkpoint,,178.4,53.6,12.4,0.4,33.2,7.4,
takeover,s004,0,sim-274687bb35b027f2b9a0eb52e7528bb9,confirmation,bfaecadf53334f338a5d92570e90ac26,block,95.41,0.9602,transaction,,blocked,258.1,122.7,12.4,0.4,64.3,8.3,37.1
takeover,s004,1,sim-40cbfa87c93b2fcc1619a0bcb46bfcbc,login,f7dcf59cd5d8423bbeccc0c25d8e96af,monitor,27.23,0.4053,context,,,219.4,68.1,19.5,0.3,31.0,17.2,
takeover,s004,1,sim-40cbfa87c93b2fcc1619a0bcb46bfcbc,payee,1eae45cf30994885bd916e038057a6ff,monitor,26.74,0.586,context,,,181.5,55.6,12.3,0.3,35.2,7.6,
takeover,s004,1,sim-40cbfa87c93b2fcc1619a0bcb46bfcbc,amount,1c40fa9f90874a228691ba69e8a939f0,step_up,94.09,0.9272,transaction,checkpoint,,160.8,52.8,13.0,0.4,31.3,7.8,
takeover,s004,1,sim-40cbfa87c93b2fcc1619a0bcb46bfcbc,confirmation,e8cfaf87149f4f73be74a9d6fa4801e1,block,93.87,0.9602,transaction,,blocked,255.6,129.2,12.9,0.4,79.4,7.7,28.6
takeover,s004,2,sim-4eac18fced01a186f3dd2106012033fc,login,88c8f707e74a442ea6880e02b721ebd5,monitor,30.49,0.4053,context,,,177.8,53.9,22.6,0.3,22.6,8.2,
takeover,s004,2,sim-4eac18fced01a186f3dd2106012033fc,payee,bd9f34bede1346baa363719d03c108c8,monitor,27.46,0.586,context,,,198.2,56.0,12.7,0.3,34.3,8.5,
takeover,s004,2,sim-4eac18fced01a186f3dd2106012033fc,amount,4653b98e874f43fbbfc76be95067585c,step_up,94.66,0.9272,transaction,checkpoint,,182.4,47.5,13.1,0.4,19.4,14.4,
takeover,s004,2,sim-4eac18fced01a186f3dd2106012033fc,confirmation,05e2c5201a134aaeb07c2bca8fc36424,block,94.13,0.9602,transaction,,blocked,244.7,141.1,33.6,0.4,67.7,8.4,30.8
takeover,s004,3,sim-e5c3afc01fabf89d9d13013cbaef5523,login,3c8fdbef56d64433838d52ef216a19b5,monitor,29.47,0.4053,context,,,183.7,56.4,12.9,0.3,35.0,7.9,
takeover,s004,3,sim-e5c3afc01fabf89d9d13013cbaef5523,payee,6f4dbe9a2a2d4569876bbf8981902d64,monitor,27.22,0.586,context,,,155.3,51.6,23.3,0.3,19.7,8.0,
takeover,s004,3,sim-e5c3afc01fabf89d9d13013cbaef5523,amount,308f3a4e1e1c49c285c6613de7555465,step_up,95.19,0.9272,transaction,checkpoint,,159.4,57.8,13.2,0.4,36.1,7.9,
takeover,s004,3,sim-e5c3afc01fabf89d9d13013cbaef5523,confirmation,4994a2f329194fc5aa6f347a36515ec8,block,95.35,0.9602,transaction,,blocked,259.4,135.0,13.6,0.4,82.8,8.4,29.5
takeover,s004,4,sim-ea0cf5ef1db2dce867186e06e048b2b5,login,303bb721c9bb456db915fc8328d4210e,monitor,33.56,0.4053,context,,,172.5,58.1,13.2,0.3,30.7,13.6,
takeover,s004,4,sim-ea0cf5ef1db2dce867186e06e048b2b5,payee,24e26e35aa1b47f494f70a40b9f6be99,monitor,32.8,0.586,context,,,173.3,62.3,33.8,0.4,19.9,8.0,
takeover,s004,4,sim-ea0cf5ef1db2dce867186e06e048b2b5,amount,cbeb92b9dba74c449dbf6f416a536a3b,step_up,96.0,0.9272,transaction,checkpoint,,174.0,52.5,13.8,10.4,20.2,7.8,
takeover,s004,4,sim-ea0cf5ef1db2dce867186e06e048b2b5,confirmation,2f5b322cfe0c4762b46f5870215f101b,block,96.04,0.9602,transaction,,blocked,296.6,145.0,24.0,0.4,78.1,8.8,33.3
bot,s004,0,sim-8b0ce65f62f88273f453d3b4bc0e7216,login,264e18431ff74be99a89dff6eee4d435,step_up,92.88,0.4053,automation,friction_ceiling,,177.6,49.9,14.2,0.3,21.0,14.2,
bot,s004,0,sim-8b0ce65f62f88273f453d3b4bc0e7216,payee,ca2dfbdaac644c609bfd3ff0d757780f,step_up,99.2,0.586,automation,friction_ceiling,,183.7,65.0,14.7,0.3,42.4,7.4,
bot,s004,0,sim-8b0ce65f62f88273f453d3b4bc0e7216,amount,dd2280fb63b045b69af951bbe8a6c0f3,step_up,99.5,0.9272,automation,friction_ceiling,,166.9,57.7,24.4,0.4,24.5,8.2,
bot,s004,0,sim-8b0ce65f62f88273f453d3b4bc0e7216,confirmation,8322e42130a54fe4a8a9a7e3fa18014c,step_up,99.63,0.9602,automation,friction_ceiling,awaiting_step_up,304.8,142.0,25.1,0.4,77.0,8.2,31.0
bot,s004,1,sim-347187c73d3d30f0614fc31da789c78e,login,f570f0ce2c7d4595b79780bba500aecd,step_up,92.88,0.4053,automation,friction_ceiling,,168.3,51.7,23.8,0.3,19.2,8.2,
bot,s004,1,sim-347187c73d3d30f0614fc31da789c78e,payee,633ead2252604467b7c496d76e687fbe,step_up,99.2,0.586,automation,friction_ceiling,,171.4,49.9,14.1,0.3,21.6,13.6,
bot,s004,1,sim-347187c73d3d30f0614fc31da789c78e,amount,70744b1943df45e09a8fe9f296c26805,step_up,99.5,0.9272,automation,friction_ceiling,,178.2,67.1,16.2,0.4,42.8,7.5,
bot,s004,1,sim-347187c73d3d30f0614fc31da789c78e,confirmation,5de9cd7aadb54bcda99d70ccad91e37c,step_up,99.63,0.9602,automation,friction_ceiling,awaiting_step_up,271.1,134.9,14.6,0.4,71.2,19.7,28.7
bot,s004,2,sim-21d4c34aa031c6eb524e667d3c7d9ad2,login,0016fa2e167f4ad9a049d983a2417105,step_up,92.88,0.4053,automation,friction_ceiling,,183.7,58.1,13.8,0.3,35.0,8.8,
bot,s004,2,sim-21d4c34aa031c6eb524e667d3c7d9ad2,payee,49701966e2094ee5a364512ac29d0f5b,step_up,99.2,0.586,automation,friction_ceiling,,193.5,64.4,14.2,0.3,41.5,8.1,
bot,s004,2,sim-21d4c34aa031c6eb524e667d3c7d9ad2,amount,798613aa41a1426faad205ba3425a839,step_up,99.5,0.9272,automation,friction_ceiling,,205.8,67.7,34.7,0.4,24.1,8.3,
bot,s004,2,sim-21d4c34aa031c6eb524e667d3c7d9ad2,confirmation,8db19fcca9e743179323cfceb2094d5e,step_up,99.63,0.9602,automation,friction_ceiling,awaiting_step_up,256.9,143.5,34.7,0.4,57.8,19.7,30.7
bot,s004,3,sim-0e1f583a4d7fc924620ad9fbaab2c386,login,5f7e4a570e7443a1a0f142f9666b3190,step_up,92.88,0.4053,automation,friction_ceiling,,168.6,54.4,23.9,0.3,21.0,8.9,
bot,s004,3,sim-0e1f583a4d7fc924620ad9fbaab2c386,payee,a1370b7b80d149bf8dcb2e71f88c269a,step_up,99.2,0.586,automation,friction_ceiling,,182.4,57.5,14.1,0.3,28.3,14.6,
bot,s004,3,sim-0e1f583a4d7fc924620ad9fbaab2c386,amount,298b3d7c748c4d6693cc98ad5d9e6d74,step_up,99.5,0.9272,automation,friction_ceiling,,171.6,67.6,34.7,0.4,23.8,8.5,
bot,s004,3,sim-0e1f583a4d7fc924620ad9fbaab2c386,confirmation,662bbb4a85c540eab85140499d699fda,step_up,99.63,0.9602,automation,friction_ceiling,awaiting_step_up,233.6,128.8,25.1,0.4,57.8,19.6,25.6
bot,s004,4,sim-f55d74d3ddfe10ea643814325f92a602,login,9c72c5f953c54eba8f0efa0b9e341e8d,step_up,92.88,0.4053,automation,friction_ceiling,,165.5,51.9,14.1,0.3,29.2,8.1,
bot,s004,4,sim-f55d74d3ddfe10ea643814325f92a602,payee,239bd1fdeebf464b962737e8845cb2a6,step_up,99.2,0.586,automation,friction_ceiling,,175.2,54.6,14.2,0.3,31.7,8.1,
bot,s004,4,sim-f55d74d3ddfe10ea643814325f92a602,amount,4553b13360964cfebecdf9740bbc96ac,step_up,99.5,0.9272,automation,friction_ceiling,,278.3,163.9,120.5,0.4,34.3,8.5,
bot,s004,4,sim-f55d74d3ddfe10ea643814325f92a602,confirmation,53ee65fc79324b2cb9f393b9d7f7e4da,step_up,99.63,0.9602,automation,friction_ceiling,awaiting_step_up,245.7,141.8,14.6,0.4,75.1,19.9,31.5
replay,s004,0,sim-3807f63b89d97d9aa06d851fc7a1af7e,login,47c96fb8d08a48e1a11fbd07c4a6d18c,step_up,90.02,0.4053,automation,friction_ceiling,,193.4,56.1,13.7,0.3,33.5,8.4,
replay,s004,0,sim-3807f63b89d97d9aa06d851fc7a1af7e,payee,a7d8c2496bd04eb18f4eff154d58d83a,step_up,98.54,0.586,automation,friction_ceiling,,171.8,61.8,23.7,0.4,23.3,14.2,
replay,s004,0,sim-3807f63b89d97d9aa06d851fc7a1af7e,amount,b626470aeeab44729794dc69760685ef,step_up,98.9,0.9272,automation,friction_ceiling,,167.0,51.9,24.0,0.4,19.4,7.9,
replay,s004,0,sim-3807f63b89d97d9aa06d851fc7a1af7e,confirmation,9446ac9d2b164b5cb9f68fc12d954970,step_up,98.95,0.9602,automation,friction_ceiling,awaiting_step_up,239.4,133.3,14.7,0.4,71.7,19.9,26.3
replay,s004,1,sim-51b6d07bc83c9eb7545c569e9a44a748,login,e30b2998a8944decb82c273947447202,step_up,89.12,0.4053,automation,friction_ceiling,,161.7,55.5,14.0,0.3,32.4,8.5,
replay,s004,1,sim-51b6d07bc83c9eb7545c569e9a44a748,payee,2731b34c29ba470c9b2a92d2776a70d6,step_up,98.03,0.586,automation,friction_ceiling,,178.0,58.4,16.0,0.4,34.2,7.7,
replay,s004,1,sim-51b6d07bc83c9eb7545c569e9a44a748,amount,cbadc178847144db86c2533ddc2758a2,step_up,98.04,0.9272,automation,friction_ceiling,,185.0,62.2,14.6,0.4,40.0,7.0,
replay,s004,1,sim-51b6d07bc83c9eb7545c569e9a44a748,confirmation,264c627436c74b3091401deabce6121a,step_up,97.84,0.9602,automation,friction_ceiling,awaiting_step_up,323.9,140.0,17.5,0.4,86.1,7.3,28.4
replay,s004,2,sim-e94a155a161268b6d7ba6b578e03d3ff,login,da7c55a9b4f2433eaad9b524a59a376b,step_up,88.99,0.4053,automation,friction_ceiling,,190.8,59.3,15.9,0.3,34.4,8.3,
replay,s004,2,sim-e94a155a161268b6d7ba6b578e03d3ff,payee,7bf63102973842ebb752ac8da911435a,step_up,97.49,0.586,automation,friction_ceiling,,163.8,63.8,15.0,0.4,40.7,7.6,
replay,s004,2,sim-e94a155a161268b6d7ba6b578e03d3ff,amount,8880dd01adf44176ac503f207d648ab5,step_up,97.6,0.9272,automation,friction_ceiling,,195.2,66.3,15.1,0.4,42.8,7.7,
replay,s004,2,sim-e94a155a161268b6d7ba6b578e03d3ff,confirmation,511d45f3a0504882a6a0f1e06db31da4,step_up,96.98,0.9602,automation,friction_ceiling,awaiting_step_up,254.0,146.9,15.0,10.5,80.6,9.1,31.5
replay,s004,3,sim-f130bd2536015288ffa27db3240b9ac5,login,5ebd7bd2b33e4641a2daa873e6f1e129,step_up,87.86,0.4053,automation,friction_ceiling,,190.9,65.2,35.2,0.3,21.9,7.5,
replay,s004,3,sim-f130bd2536015288ffa27db3240b9ac5,payee,37ff213aaebb420dbac4023f039896e5,step_up,97.25,0.586,automation,friction_ceiling,,178.0,68.0,14.7,0.4,41.0,11.8,
replay,s004,3,sim-f130bd2536015288ffa27db3240b9ac5,amount,aceeec29edb94d208d5b36e01726abd8,step_up,96.98,0.9272,automation,friction_ceiling,,182.0,66.1,35.4,0.4,22.2,7.8,
replay,s004,3,sim-f130bd2536015288ffa27db3240b9ac5,confirmation,3ab3000b8e4e406f87df4c91cb3d0f31,step_up,96.66,0.9602,automation,friction_ceiling,awaiting_step_up,274.0,148.6,25.5,0.5,75.3,8.6,38.5
replay,s004,4,sim-1a6e918a2cd760f3d6bc9dbba2c7aa35,login,8ea4e32157c04f1a8b8845558cfc1458,step_up,88.35,0.4053,automation,friction_ceiling,,187.8,58.8,25.3,0.3,25.5,7.4,
replay,s004,4,sim-1a6e918a2cd760f3d6bc9dbba2c7aa35,payee,f7ccfc343d994b27849fff07f00ea02c,step_up,97.06,0.586,automation,friction_ceiling,,192.0,65.1,15.3,0.4,41.9,7.3,
replay,s004,4,sim-1a6e918a2cd760f3d6bc9dbba2c7aa35,amount,8ccefb8ee5ed475b9678f5998c049420,step_up,96.38,0.9272,automation,friction_ceiling,,175.8,68.8,15.6,0.4,42.5,10.0,
replay,s004,4,sim-1a6e918a2cd760f3d6bc9dbba2c7aa35,confirmation,0fbc5ff748e149d19e1a0334dc4bd8fd,step_up,96.05,0.9602,automation,friction_ceiling,awaiting_step_up,299.4,159.4,15.6,0.5,101.7,7.7,33.8
poisoning,s004,0,sim-e85849eb9aecc4b4fee973754f7263ce,login,2b4a4ed9db794230b3065fb5f6d9935f,allow,18.61,0.4053,behaviour,,,190.3,68.3,37.1,0.4,22.8,7.9,
poisoning,s004,0,sim-e85849eb9aecc4b4fee973754f7263ce,payee,0b7ec7c814b04d6fa83e5f0ffa687b77,allow,18.82,0.586,behaviour,,,174.4,68.7,26.5,0.4,33.2,8.5,
poisoning,s004,0,sim-e85849eb9aecc4b4fee973754f7263ce,amount,e90dd3a5e5684123b2b0716685e76116,allow,17.01,0.9272,behaviour,,,198.6,70.6,26.3,0.4,35.1,8.5,
poisoning,s004,0,sim-e85849eb9aecc4b4fee973754f7263ce,confirmation,7e38eaa981a94f7098bf8215cb8dea59,allow,16.3,0.9602,behaviour,,processing,297.2,150.9,26.5,0.5,86.0,11.5,26.2
poisoning,s004,1,sim-3715b473de598766982f143ddf01b16c,login,2326397bdf184de084289e56e28fde8d,allow,18.74,0.4053,behaviour,,,167.2,62.1,15.6,0.4,38.6,7.3,
poisoning,s004,1,sim-3715b473de598766982f143ddf01b16c,payee,e43880a3171846659324547305e4de61,allow,18.41,0.586,behaviour,,,200.6,62.8,16.0,0.4,36.7,9.5,
poisoning,s004,1,sim-3715b473de598766982f143ddf01b16c,amount,59c3816d74984710928666260728b831,allow,16.63,0.9272,behaviour,,,206.1,75.5,36.5,0.5,24.0,14.3,
poisoning,s004,1,sim-3715b473de598766982f143ddf01b16c,confirmation,1daa060d294f48db8c9c8702b2b5f269,allow,17.07,0.9602,behaviour,,processing,290.8,176.6,26.9,0.5,89.2,9.4,50.4
poisoning,s004,2,sim-f26c1ef8963de990e04f2e6e24ef9691,login,0949d2e5d4d4440fbe07f3dafba80042,allow,17.43,0.4053,behaviour,,,196.6,68.7,25.9,0.3,33.6,8.6,
poisoning,s004,2,sim-f26c1ef8963de990e04f2e6e24ef9691,payee,64077c8d3a0f4a3cab8b7f7c33ec2d79,allow,15.19,0.586,behaviour,,,171.7,62.8,26.8,0.4,21.0,14.4,
poisoning,s004,2,sim-f26c1ef8963de990e04f2e6e24ef9691,amount,c2d16054c983426ba775d2ab696ea778,allow,14.27,0.9272,behaviour,,,188.7,74.3,37.2,0.4,22.2,14.3,
poisoning,s004,2,sim-f26c1ef8963de990e04f2e6e24ef9691,confirmation,2ddd6bfa14c5484a9b7fec87898c0991,allow,14.03,0.9602,behaviour,,processing,258.4,153.9,26.9,0.5,89.2,9.0,28.0
poisoning,s004,3,sim-67081f7f82dc76bac5fe7f550d59c244,login,582a35bf81424af7b4e94021e9cf08e1,allow,18.14,0.4053,behaviour,,,178.5,55.6,16.3,0.4,30.9,7.8,
poisoning,s004,3,sim-67081f7f82dc76bac5fe7f550d59c244,payee,d19ca687295242c1a2a3a67f370bb03a,allow,17.47,0.586,behaviour,,,186.1,67.3,26.9,0.4,25.3,14.5,
poisoning,s004,3,sim-67081f7f82dc76bac5fe7f550d59c244,amount,44a348e11bbc444bb9f40ef0e6d00cf4,allow,17.04,0.9272,behaviour,,,166.8,62.4,27.1,0.4,20.2,14.5,
poisoning,s004,3,sim-67081f7f82dc76bac5fe7f550d59c244,confirmation,5a3bec1faf9f4c2a89d84e51bf4df697,allow,17.66,0.9602,behaviour,,processing,278.6,160.2,19.8,0.5,102.3,9.6,27.8
poisoning,s004,4,sim-041090dab164fd9668127447a95e7f91,login,0e6a8f3ab41e43b0bb7703899f1a3eac,allow,19.38,0.4053,behaviour,,,184.3,63.1,27.4,0.4,20.5,14.6,
poisoning,s004,4,sim-041090dab164fd9668127447a95e7f91,payee,3345f6b539654c499ca226dda442bd28,allow,18.85,0.586,behaviour,,,195.2,69.3,17.3,0.4,41.7,9.7,
poisoning,s004,4,sim-041090dab164fd9668127447a95e7f91,amount,4972e8f8843b48c1ab287a6b38f64159,allow,17.39,0.9272,behaviour,,,195.2,80.5,19.7,0.4,51.6,8.5,
poisoning,s004,4,sim-041090dab164fd9668127447a95e7f91,confirmation,7f1dcebc62454427a563d122eb073f22,allow,16.46,0.9602,behaviour,,processing,278.8,175.8,28.1,0.5,103.7,9.2,34.0
genuine,s005,0,sim-1eace37c19ca17fe95ce8e7095bee44f,login,678274fd1255457dac0b4277bb782de8,allow,16.86,0.4053,behaviour,,,234.7,96.0,20.5,0.3,19.5,55.5,
genuine,s005,0,sim-1eace37c19ca17fe95ce8e7095bee44f,payee,eb20c00cca7842589347d3f97add5ba6,allow,15.66,0.586,behaviour,,,146.4,41.0,10.3,0.3,20.9,9.3,
genuine,s005,0,sim-1eace37c19ca17fe95ce8e7095bee44f,amount,e3e9fbad67e04b6a90bf879484b54f3d,allow,13.59,0.9272,behaviour,,,160.3,43.9,10.6,0.3,24.0,8.7,
genuine,s005,0,sim-1eace37c19ca17fe95ce8e7095bee44f,confirmation,a7fad6b6ead44f0cbee9a0da91564ea7,allow,14.13,0.9602,behaviour,,processing,238.5,115.0,11.3,0.4,47.6,19.9,35.6
genuine,s005,1,sim-58958e2872888b3477ac250308e11c9a,login,b4e81be07d234c719cc4dee25913e94d,allow,20.7,0.4053,behaviour,,,172.0,48.6,10.5,0.2,24.9,12.8,
genuine,s005,1,sim-58958e2872888b3477ac250308e11c9a,payee,fc8b548e81d3496baf4fb5fd6038679f,allow,19.68,0.586,behaviour,,,151.9,50.7,10.8,0.3,25.5,14.0,
genuine,s005,1,sim-58958e2872888b3477ac250308e11c9a,amount,7131b58fd2ed4c6185e87b21916fa47e,allow,17.96,0.9272,behaviour,,,153.8,43.8,11.0,0.3,23.0,9.3,
genuine,s005,1,sim-58958e2872888b3477ac250308e11c9a,confirmation,c17f688d687a4b1cae94869ba6aa9707,allow,18.17,0.9602,behaviour,,processing,214.4,111.8,11.2,0.4,57.9,9.2,32.8
genuine,s005,2,sim-78710424d033fe61330b7d6ef9bbefeb,login,15b4a6a60bab44b9b238e078de20d932,allow,18.44,0.4053,behaviour,,,161.2,45.2,10.6,0.3,24.6,9.5,
genuine,s005,2,sim-78710424d033fe61330b7d6ef9bbefeb,payee,60e0076df0b7406aafefb79c95c88d8a,allow,13.46,0.586,behaviour,,,148.4,43.0,11.6,0.3,21.2,9.7,
genuine,s005,2,sim-78710424d033fe61330b7d6ef9bbefeb,amount,6afbdc171e4149d9b363ecd4cc8519ab,allow,14.38,0.9272,behaviour,,,154.5,54.3,21.7,0.3,23.7,8.4,
genuine,s005,2,sim-78710424d033fe61330b7d6ef9bbefeb,confirmation,3eaec86b093b4ec4985f18dd4a9a014a,allow,16.29,0.9602,behaviour,,processing,261.7,102.3,11.7,0.4,54.2,9.0,26.8
genuine,s005,3,sim-9a3fb93c1f2f7a44963dd600254f70bb,login,b65eb1ea02ae4758945ecdf63ec56d25,allow,18.79,0.4053,behaviour,,,178.0,45.1,11.1,0.3,25.2,8.2,
genuine,s005,3,sim-9a3fb93c1f2f7a44963dd600254f70bb,payee,269512a33fdb45a8ba510bfbd93fa4a3,allow,16.15,0.586,behaviour,,,155.3,45.1,11.4,0.3,23.6,9.5,
genuine,s005,3,sim-9a3fb93c1f2f7a44963dd600254f70bb,amount,a5cad1aae4784ffc8d63b3ea7aae84c0,allow,15.06,0.9272,behaviour,,,180.7,51.5,22.2,0.4,18.4,10.3,
genuine,s005,3,sim-9a3fb93c1f2f7a44963dd600254f70bb,confirmation,3a48996f278c47168dc8d44c2a3147c4,allow,16.11,0.9602,behaviour,,processing,227.0,105.6,12.1,0.4,55.2,8.4,29.3
genuine,s005,4,sim-8d0f1e8a500582ac5b4a78e85d0a0cf5,login,190693dca1ed47d9877f8e59eefdf9c9,allow,20.5,0.4053,behaviour,,,170.4,43.3,11.7,0.3,22.7,8.3,
genuine,s005,4,sim-8d0f1e8a500582ac5b4a78e85d0a0cf5,payee,8bd63754c0964ef2ba243939cbaef28b,allow,17.75,0.586,behaviour,,,172.5,42.7,11.8,0.3,21.3,9.1,
genuine,s005,4,sim-8d0f1e8a500582ac5b4a78e85d0a0cf5,amount,e0060c3d90374278a50659bafd0b7f3a,allow,17.53,0.9272,behaviour,,,153.9,54.0,12.3,0.3,30.9,10.3,
genuine,s005,4,sim-8d0f1e8a500582ac5b4a78e85d0a0cf5,confirmation,f6b0d84618294190aad57e1778170514,allow,16.75,0.9602,behaviour,,processing,230.4,115.5,12.5,0.4,57.3,9.2,36.0
takeover,s005,0,sim-e9a98ad3f6667d710910d5e29e9460e3,login,ab417afc0d4c4d10879dd5d83445baaa,monitor,36.11,0.4053,context,,,161.6,50.3,21.9,0.3,19.6,8.4,
takeover,s005,0,sim-e9a98ad3f6667d710910d5e29e9460e3,payee,e9329e24734142969a4e4e953c45d366,step_up,45.7,0.586,behaviour,,,145.5,42.7,14.0,0.3,19.7,8.5,
takeover,s005,0,sim-e9a98ad3f6667d710910d5e29e9460e3,amount,4ea4580ad2914d60861edf503f478f54,step_up,98.59,0.9272,transaction,checkpoint,,194.9,61.4,33.1,0.4,19.1,8.6,
takeover,s005,0,sim-e9a98ad3f6667d710910d5e29e9460e3,confirmation,ec5ff4318fa647d4a56834c90e4ec38f,block,98.97,0.9602,transaction,,blocked,234.5,113.6,12.7,0.4,59.0,13.4,27.9
takeover,s005,1,sim-1d38d8bfe3bb5ffedd3a6e4008deafb9,login,bbe322cbc9b64743bdf5d0a4efee00e9,step_up,37.41,0.4053,context,,,169.0,53.5,22.5,0.3,21.6,8.8,
takeover,s005,1,sim-1d38d8bfe3bb5ffedd3a6e4008deafb9,payee,02a5a3dee8f047188b9dc68a44845851,step_up,49.42,0.586,behaviour,,,161.9,54.5,23.3,0.3,22.3,8.3,
takeover,s005,1,sim-1d38d8bfe3bb5ffedd3a6e4008deafb9,amount,01ce1ae7c49548d1bacc15a0b6f0eccc,step_up,98.9,0.9272,transaction,checkpoint,,158.8,51.5,13.3,0.4,29.2,8.5,
takeover,s005,1,sim-1d38d8bfe3bb5ffedd3a6e4008deafb9,confirmation,7ff3007d6b4c42a39e5d6f3df703bcf4,block,99.25,0.9602,transaction,,blocked,249.7,123.6,13.4,0.4,73.4,9.3,26.9
takeover,s005,2,sim-b6876f911e2cfb1c4cbc15f40fdcdfd3,login,31e9f42b3b98481180af98870428fb57,step_up,44.1,0.4053,behaviour,,,169.8,52.4,14.5,0.3,29.0,8.4,
takeover,s005,2,sim-b6876f911e2cfb1c4cbc15f40fdcdfd3,payee,9d4dedc998a3424488d5a55a5d8f1c8d,step_up,60.98,0.586,behaviour,,,157.3,52.9,23.3,0.3,21.0,8.1,
takeover,s005,2,sim-b6876f911e2cfb1c4cbc15f40fdcdfd3,amount,1c4ecef5efcd46dfa6352af3158d64a0,step_up,99.35,0.9272,transaction,checkpoint,,160.6,50.7,13.2,0.4,28.6,8.2,
takeover,s005,2,sim-b6876f911e2cfb1c4cbc15f40fdcdfd3,confirmation,1c7daaaf46344d948f5c31243fc0020e,block,99.55,0.9602,transaction,,blocked,249.6,123.3,23.4,0.4,57.4,9.7,32.2
takeover,s005,3,sim-f946ed7cf6ead1d2af594d66aa949b03,login,3a78859096a44f58854703c340da5031,step_up,40.34,0.4053,behaviour,,,176.3,62.0,33.6,0.3,19.0,8.8,
takeover,s005,3,sim-f946ed7cf6ead1d2af594d66aa949b03,payee,0b7a4264811d489d995a16b84c9c31df,step_up,56.94,0.586,behaviour,,,212.1,53.3,13.3,0.3,30.8,8.6,
takeover,s005,3,sim-f946ed7cf6ead1d2af594d66aa949b03,amount,82007fb570224098924428d9f90cd771,step_up,99.25,0.9272,transaction,checkpoint,,159.4,54.4,23.6,0.4,22.1,8.1,
takeover,s005,3,sim-f946ed7cf6ead1d2af594d66aa949b03,confirmation,5b5903e0d4254532bec27054b5325fe4,block,99.49,0.9602,transaction,,blocked,249.5,130.6,14.0,0.4,82.3,9.2,24.5
takeover,s005,4,sim-1aa4bd1771289bf6bf580c42115f96e0,login,93c037227ec342729f160c5a732ee3f1,step_up,43.42,0.4053,behaviour,,,207.4,61.9,33.4,0.3,19.2,8.8,
takeover,s005,4,sim-1aa4bd1771289bf6bf580c42115f96e0,payee,d525ec91655e4faf89700175b39d6ce0,step_up,60.25,0.586,behaviour,,,164.5,55.1,24.1,0.3,22.0,8.4,
takeover,s005,4,sim-1aa4bd1771289bf6bf580c42115f96e0,amount,654d162342c34366b92a68d2d4756f9c,step_up,98.87,0.9272,transaction,checkpoint,,160.7,52.3,14.1,0.4,29.1,8.4,
takeover,s005,4,sim-1aa4bd1771289bf6bf580c42115f96e0,confirmation,a4bb7acbc30343cdae290ec4af44dd86,block,99.25,0.9602,transaction,,blocked,275.2,138.8,14.6,0.4,82.9,9.2,31.4
bot,s005,0,sim-4433a7d1f67b13104845de66db35b2bc,login,6abcc3da1d1241fcae92f5e5e9e1d724,step_up,94.32,0.4053,automation,friction_ceiling,,177.4,52.3,23.7,0.3,19.8,8.3,
bot,s005,0,sim-4433a7d1f67b13104845de66db35b2bc,payee,c6f35a8355f64058872e504c4cfbd01f,step_up,99.51,0.586,automation,friction_ceiling,,191.0,61.2,24.4,0.3,23.4,12.8,
bot,s005,0,sim-4433a7d1f67b13104845de66db35b2bc,amount,63d3e42f817b4295a62514cbdaf48a2d,step_up,99.76,0.9272,automation,friction_ceiling,,180.6,59.9,15.6,0.4,29.1,14.5,
bot,s005,0,sim-4433a7d1f67b13104845de66db35b2bc,confirmation,38d531eaef954c5e927fb8a735fc2620,step_up,99.85,0.9602,automation,friction_ceiling,awaiting_step_up,255.6,142.3,14.5,0.4,71.4,18.2,37.6
bot,s005,1,sim-5994437adabc4eb3b2edfebf55141660,login,e80e06a281cd4506ac27f3568fc9d1dd,step_up,94.32,0.4053,automation,friction_ceiling,,176.7,52.6,13.8,0.3,29.9,8.3,
bot,s005,1,sim-5994437adabc4eb3b2edfebf55141660,payee,1a863a482f5f4075a825448e2a3b7559,step_up,99.51,0.586,automation,friction_ceiling,,157.5,55.5,13.8,0.3,31.8,9.3,
bot,s005,1,sim-5994437adabc4eb3b2edfebf55141660,amount,36ec70c2b2f04852bb00341542ee7260,step_up,99.76,0.9272,automation,friction_ceiling,,194.4,69.6,34.4,0.4,24.7,10.0,
bot,s005,1,sim-5994437adabc4eb3b2edfebf55141660,confirmation,a18b4337bdcc470087f48a74f5ab1deb,step_up,99.85,0.9602,automation,friction_ceiling,awaiting_step_up,244.0,133.8,24.6,0.4,59.8,19.7,29.0
bot,s005,2,sim-a1e3e9a63e0a1afb7029e3eff19ea7dd,login,9f066a98807a484b80f4c5edf115049d,step_up,94.32,0.4053,automation,friction_ceiling,,176.2,51.8,17.0,0.3,24.7,9.5,
bot,s005,2,sim-a1e3e9a63e0a1afb7029e3eff19ea7dd,payee,ff4ab79db4ac476cbb1778dca2eb20bf,step_up,99.51,0.586,automation,friction_ceiling,,192.7,54.0,14.2,0.3,30.5,8.8,
bot,s005,2,sim-a1e3e9a63e0a1afb7029e3eff19ea7dd,amount,8a19d9122582411fb8b047fbfda77402,step_up,99.76,0.9272,automation,friction_ceiling,,175.6,65.9,35.0,0.4,21.6,8.7,
bot,s005,2,sim-a1e3e9a63e0a1afb7029e3eff19ea7dd,confirmation,b51fab145ebf42e394b6cda2bb72d523,step_up,99.85,0.9602,automation,friction_ceiling,awaiting_step_up,276.2,139.1,15.7,0.4,71.8,9.0,41.9
bot,s005,3,sim-faa90e21b088c1d80d803410f06afa08,login,b1ba09c98efd4ad389cb32acf8aa9e93,step_up,94.32,0.4053,automation,friction_ceiling,,168.5,60.0,24.0,0.3,20.8,14.7,
bot,s005,3,sim-faa90e21b088c1d80d803410f06afa08,payee,72f315315edb4a19aac0983b62af52b4,step_up,99.51,0.586,automation,friction_ceiling,,173.8,56.4,23.9,0.3,23.0,9.0,
bot,s005,3,sim-faa90e21b088c1d80d803410f06afa08,amount,6843920340b64ec1996b608a4c1937a2,step_up,99.76,0.9272,automation,friction_ceiling,,185.4,61.7,24.9,0.4,21.9,14.4,
bot,s005,3,sim-faa90e21b088c1d80d803410f06afa08,confirmation,1665aa641c0d4f5683956b71bca5ee46,step_up,99.85,0.9602,automation,friction_ceiling,awaiting_step_up,258.5,129.6,15.2,0.4,66.6,8.7,38.5
bot,s005,4,sim-6ebf997ceea7b5588bc7d88323a5339b,login,6013046e3f21410e8722ea5329f87278,step_up,94.32,0.4053,automation,friction_ceiling,,170.1,64.7,14.4,0.3,40.6,9.1,
bot,s005,4,sim-6ebf997ceea7b5588bc7d88323a5339b,payee,741e277582de4f04a54ff681389746d6,step_up,99.51,0.586,automation,friction_ceiling,,162.1,57.1,14.2,0.3,30.8,11.7,
bot,s005,4,sim-6ebf997ceea7b5588bc7d88323a5339b,amount,45131d7e72f24989b7b22c0266065180,step_up,99.76,0.9272,automation,friction_ceiling,,177.2,68.6,25.2,0.4,33.9,8.8,
bot,s005,4,sim-6ebf997ceea7b5588bc7d88323a5339b,confirmation,e8909fcf0665491dab507819fa39f72e,step_up,99.85,0.9602,automation,friction_ceiling,awaiting_step_up,247.1,135.5,14.9,0.4,84.1,9.0,26.9
replay,s005,0,sim-49394dfe09bd8d4a771fa4c3af699097,login,8ff01256a97f43d58c7941b71b447f89,step_up,94.05,0.4053,automation,friction_ceiling,,173.2,54.2,24.1,0.3,19.2,10.3,
replay,s005,0,sim-49394dfe09bd8d4a771fa4c3af699097,payee,6bc9fb4a9d53496daf18e128e7d5de88,step_up,99.26,0.586,automation,friction_ceiling,,198.6,58.1,14.3,0.3,34.5,8.8,
replay,s005,0,sim-49394dfe09bd8d4a771fa4c3af699097,amount,43d20f83f95646719bb624b011d46e97,step_up,99.59,0.9272,automation,friction_ceiling,,157.1,50.1,14.2,0.4,20.7,14.6,
replay,s005,0,sim-49394dfe09bd8d4a771fa4c3af699097,confirmation,4b789fcc7bf649e9b67515b419e56cf8,step_up,99.52,0.9602,automation,friction_ceiling,awaiting_step_up,264.4,140.2,14.8,0.4,74.5,19.7,30.6
replay,s005,1,sim-80877f389305637023c01b079496dcb2,login,d536620b88754044af82cb2ad95e5883,step_up,89.33,0.4053,automation,friction_ceiling,,189.2,59.0,14.7,0.3,29.3,14.5,
replay,s005,1,sim-80877f389305637023c01b079496dcb2,payee,12dc9ee34ddf4519b030cabd10ba2246,step_up,98.25,0.586,automation,friction_ceiling,,174.8,59.2,24.4,0.4,25.5,8.7,
replay,s005,1,sim-80877f389305637023c01b079496dcb2,amount,026f10eb04754dcabb76f69234135fce,step_up,98.43,0.9272,automation,friction_ceiling,,212.9,68.0,14.9,0.4,41.3,11.2,
replay,s005,1,sim-80877f389305637023c01b079496dcb2,confirmation,bb0a3d6bcdff47b685a15b5bf07ae6ed,step_up,99.4,0.9602,automation,friction_ceiling,awaiting_step_up,275.2,152.8,15.7,0.5,101.0,9.4,26.0
replay,s005,2,sim-7faaafeee857b0e103ccdc633bc82cb8,login,c4b9b8342fae4e2e997f24e63d81a629,step_up,88.84,0.4053,automation,friction_ceiling,,185.1,70.2,26.5,0.3,33.8,9.3,
replay,s005,2,sim-7faaafeee857b0e103ccdc633bc82cb8,payee,cc567b25bc8d474bafd4e090129f51d5,step_up,97.85,0.586,automation,friction_ceiling,,218.5,64.2,14.5,0.4,40.9,8.2,
replay,s005,2,sim-7faaafeee857b0e103ccdc633bc82cb8,amount,821e76a184ca489ca53fe8713ed8c69b,step_up,97.54,0.9272,automation,friction_ceiling,,171.1,67.0,15.6,0.4,42.2,8.6,
replay,s005,2,sim-7faaafeee857b0e103ccdc633bc82cb8,confirmation,73ca42c3be5e4211bf6ba45ddf25720e,step_up,98.42,0.9602,automation,friction_ceiling,awaiting_step_up,295.6,153.8,25.9,0.5,73.4,19.5,34.3
replay,s005,3,sim-20cfc4d5ddb41c1b59887f5319a18acf,login,2ace8482955e4926a404a4cda55f1f52,step_up,88.42,0.4053,automation,friction_ceiling,,206.6,59.1,25.2,0.3,18.8,14.6,
replay,s005,3,sim-20cfc4d5ddb41c1b59887f5319a18acf,payee,f73b0fde3afc4c6f88ad4b271d456b67,step_up,97.4,0.586,automation,friction_ceiling,,191.7,65.0,15.3,0.4,40.5,8.6,
replay,s005,3,sim-20cfc4d5ddb41c1b59887f5319a18acf,amount,e5ffbe26287a4702855700af23c5e7bf,step_up,96.93,0.9272,automation,friction_ceiling,,175.6,71.1,26.2,0.4,35.3,9.0,
replay,s005,3,sim-20cfc4d5ddb41c1b59887f5319a18acf,confirmation,c6835874d73e4f4badd7b5971aeb838c,step_up,96.68,0.9602,automation,friction_ceiling,awaiting_step_up,255.2,148.2,26.1,0.5,84.5,8.9,28.0
replay,s005,4,sim-e4b4ba3837782866752e55709e45476b,login,3c6dc98d98e045169225d4f94733c9c4,step_up,88.75,0.4053,automation,friction_ceiling,,190.9,66.9,36.3,0.3,22.1,8.0,
replay,s005,4,sim-e4b4ba3837782866752e55709e45476b,payee,fab7390127fc4e37bc379143f9755d12,step_up,97.86,0.586,automation,friction_ceiling,,172.1,68.0,25.9,0.4,32.9,8.6,
replay,s005,4,sim-e4b4ba3837782866752e55709e45476b,amount,2989973d794148ca9514307b9d5f0f18,step_up,97.25,0.9272,automation,friction_ceiling,,178.7,67.9,16.9,0.4,41.8,8.6,
replay,s005,4,sim-e4b4ba3837782866752e55709e45476b,confirmation,f94a32c70509418ea831e7c93ed25fd8,step_up,96.64,0.9602,automation,friction_ceiling,awaiting_step_up,284.8,153.6,27.2,0.5,85.8,8.7,31.1
poisoning,s005,0,sim-f936d6c9d9033b56d603dbc9ae598662,login,b47765c8c1704b7393872fba2f5fe366,allow,20.14,0.4053,behaviour,,,181.5,59.2,25.7,0.3,24.3,8.7,
poisoning,s005,0,sim-f936d6c9d9033b56d603dbc9ae598662,payee,bf9e674432ee41979c652b5ab48543ea,allow,21.54,0.586,behaviour,,,174.4,66.9,16.3,0.4,41.2,8.8,
poisoning,s005,0,sim-f936d6c9d9033b56d603dbc9ae598662,amount,95022aee3925475da16a6137bf6ea5e6,monitor,23.86,0.9272,behaviour,,,190.7,73.3,36.7,0.4,21.8,14.1,
poisoning,s005,0,sim-f936d6c9d9033b56d603dbc9ae598662,confirmation,3c19238c0f73479c983d93f0b806a842,monitor,27.91,0.9602,behaviour,,processing,276.9,164.1,26.7,0.5,89.0,10.1,37.7
poisoning,s005,1,sim-303c3722f1b395c2575427619c1e9803,login,a0b15d00e079475e8121cc053fef052c,monitor,23.81,0.4053,behaviour,,,194.9,70.1,36.1,0.4,25.3,8.1,
poisoning,s005,1,sim-303c3722f1b395c2575427619c1e9803,payee,641360cb39d74cadaf96ab70882703be,monitor,27.31,0.586,behaviour,,,177.6,72.2,27.0,0.4,34.2,10.4,
poisoning,s005,1,sim-303c3722f1b395c2575427619c1e9803,amount,62810fe4881b4462a40a06a697afd1de,monitor,31.37,0.9272,behaviour,,,169.4,67.5,27.9,0.5,27.0,11.9,
poisoning,s005,1,sim-303c3722f1b395c2575427619c1e9803,confirmation,45690ff2072c4296b475a2669e051373,monitor,35.5,0.9602,behaviour,,processing,266.5,153.7,27.7,0.5,79.5,19.5,26.3
poisoning,s005,2,sim-470c189fe58dd117742beec8319e3272,login,8eb5b8e3ccaa4bf894ab7663234683d5,allow,20.1,0.4053,behaviour,,,181.9,71.0,27.6,0.4,33.7,9.1,
poisoning,s005,2,sim-470c189fe58dd117742beec8319e3272,payee,c0855d29e05a405ba0c16a8b9a27d6cb,monitor,25.19,0.586,behaviour,,,206.3,74.7,27.4,0.4,38.1,8.6,
poisoning,s005,2,sim-470c189fe58dd117742beec8319e3272,amount,edf2de399f4c4f9da5aa2819c3fac357,monitor,31.45,0.9272,behaviour,,,205.7,76.1,37.9,0.4,23.3,14.2,
poisoning,s005,2,sim-470c189fe58dd117742beec8319e3272,confirmation,f86dc16e54f542b6b2cdea1c6f671251,step_up,37.26,0.9602,behaviour,,awaiting_step_up,299.6,173.9,27.8,0.5,92.5,9.7,43.2
poisoning,s005,3,sim-a85f09fbbb9c68daa0b17d8dc2ad608c,login,0b8bb6d8f3354d798305461c84190b03,allow,21.75,0.4053,behaviour,,,197.5,71.3,17.3,0.4,39.1,14.3,
poisoning,s005,3,sim-a85f09fbbb9c68daa0b17d8dc2ad608c,payee,d21a6cc72a104fe29e6e9920eb870371,monitor,23.36,0.586,behaviour,,,196.5,72.5,37.6,0.4,25.0,9.3,
poisoning,s005,3,sim-a85f09fbbb9c68daa0b17d8dc2ad608c,amount,b631e08e20ed4740b528707e755713ce,monitor,27.99,0.9272,behaviour,,,191.8,87.8,40.6,0.5,36.9,9.6,
poisoning,s005,3,sim-a85f09fbbb9c68daa0b17d8dc2ad608c,confirmation,b142f064f19b4f8b9cb6f62a1588dc4f,monitor,32.89,0.9602,behaviour,,processing,271.5,162.9,28.3,0.5,94.4,9.1,30.4
poisoning,s005,4,sim-ca84cd68cc23a053bbe632b2dd9b5892,login,1c7dcea8eaaa4cbe811d36958176741f,allow,21.88,0.4053,behaviour,,,179.9,72.9,38.1,0.4,21.1,13.2,
poisoning,s005,4,sim-ca84cd68cc23a053bbe632b2dd9b5892,payee,ef8bf8e0bca040fd819bb52eb480a58e,monitor,28.35,0.586,behaviour,,,185.3,64.6,28.6,0.4,20.8,14.6,
poisoning,s005,4,sim-ca84cd68cc23a053bbe632b2dd9b5892,amount,a4f3fb6a25ba47feb60acec5a69acba1,monitor,29.65,0.9272,behaviour,,,188.5,77.9,28.5,0.4,40.0,8.7,
poisoning,s005,4,sim-ca84cd68cc23a053bbe632b2dd9b5892,confirmation,a26db6b996784266b183d064f763234e,monitor,32.34,0.9602,behaviour,,processing,271.7,172.2,30.9,0.5,94.0,19.1,27.5
genuine,s007,0,sim-e396a3fcbb281a8a63b00dd6ac13e713,login,ab2d784a3b764b7db8bfebe6b1fbc9ef,allow,21.97,0.4053,behaviour,,,192.5,83.5,9.5,0.2,18.4,55.1,
genuine,s007,0,sim-e396a3fcbb281a8a63b00dd6ac13e713,payee,3e25c35bd2744889a0375871dd316d38,monitor,25.7,0.586,behaviour,,,161.8,48.6,10.2,0.3,24.8,13.2,
genuine,s007,0,sim-e396a3fcbb281a8a63b00dd6ac13e713,amount,476a3dac48c243a38017e3037b4a910c,monitor,29.11,0.9272,behaviour,,,157.8,53.9,10.8,0.3,31.8,10.7,
genuine,s007,0,sim-e396a3fcbb281a8a63b00dd6ac13e713,confirmation,072e2de344854f1d8f83b4557ddc356a,monitor,31.33,0.9602,behaviour,,processing,234.7,113.9,20.8,0.4,57.7,8.1,26.7
genuine,s007,1,sim-1e09443fc8b3672ae13448cb21d1a929,login,a9512242bdc848f5a299f872f3800e7f,allow,19.29,0.4053,behaviour,,,165.2,40.6,20.1,0.3,10.9,9.1,
genuine,s007,1,sim-1e09443fc8b3672ae13448cb21d1a929,payee,a4634764f8e546c382c5525e3cb8ce7a,allow,21.65,0.586,behaviour,,,159.6,53.4,11.4,0.3,31.2,10.3,
genuine,s007,1,sim-1e09443fc8b3672ae13448cb21d1a929,amount,72c20bda82594a158ce43ec7f44c556b,monitor,24.78,0.9272,behaviour,,,159.9,50.2,10.9,0.3,24.2,14.5,
genuine,s007,1,sim-1e09443fc8b3672ae13448cb21d1a929,confirmation,746907692ba24b11938e1a3866bb37db,monitor,27.67,0.9602,behaviour,,processing,254.7,123.4,11.3,0.4,65.9,14.3,31.2
genuine,s007,2,sim-ac48b91a947fef6933b95e6b58f6e870,login,53978992ea9f414c8f199fdb5cce0c11,monitor,24.03,0.4053,behaviour,,,164.2,50.4,10.6,0.3,25.2,14.2,
genuine,s007,2,sim-ac48b91a947fef6933b95e6b58f6e870,payee,7d4c9e02a18245bea770b7e5ee23644e,monitor,29.63,0.586,behaviour,,,170.1,45.0,11.1,0.3,23.7,9.6,
genuine,s007,2,sim-ac48b91a947fef6933b95e6b58f6e870,amount,7d6fb04f0120477a9bccf23a432023eb,monitor,33.98,0.9272,behaviour,,,224.7,54.4,21.6,0.3,22.9,9.4,
genuine,s007,2,sim-ac48b91a947fef6933b95e6b58f6e870,confirmation,401df7a0c8dc4f42939b108c070d82a8,step_up,36.95,0.9602,behaviour,,awaiting_step_up,235.4,123.9,11.6,0.4,62.6,19.8,29.3
genuine,s007,3,sim-420890a2ae83fa73c3b4053b85e05cee,login,984919ebbab6435cbf275b7d4d6d96da,allow,22.93,0.4053,behaviour,,,148.3,43.6,10.9,0.3,21.7,10.5,
genuine,s007,3,sim-420890a2ae83fa73c3b4053b85e05cee,payee,411390bb99174ce1ac793f405e0d6568,monitor,28.41,0.586,behaviour,,,176.9,57.0,22.0,0.3,26.4,8.1,
genuine,s007,3,sim-420890a2ae83fa73c3b4053b85e05cee,amount,332c4569975a4098a1675927e6066742,monitor,33.83,0.9272,behaviour,,,178.5,55.6,21.8,0.4,24.0,9.3,
genuine,s007,3,sim-420890a2ae83fa73c3b4053b85e05cee,confirmation,0a387822a5634017a5c19cf458f533ee,step_up,37.44,0.9602,behaviour,,awaiting_step_up,230.4,117.7,12.0,0.4,58.7,19.9,26.5
genuine,s007,4,sim-a37a308c4850b19d68e3025c865f6333,login,69602eac77be4d7693bfd69ffad2468d,monitor,23.96,0.4053,behaviour,,,153.8,48.7,11.4,0.3,22.3,14.4,
genuine,s007,4,sim-a37a308c4850b19d68e3025c865f6333,payee,c7081c80bd424ddfba68c35a8a666e05,monitor,29.51,0.586,behaviour,,,154.5,50.7,12.9,0.3,29.1,8.1,
genuine,s007,4,sim-a37a308c4850b19d68e3025c865f6333,amount,59e6931122e54c4591be39cab733eff5,monitor,23.88,0.9272,behaviour,,,197.4,41.2,12.0,0.4,20.5,8.1,
genuine,s007,4,sim-a37a308c4850b19d68e3025c865f6333,confirmation,1e4e503927f549a39ff08620bf18db2e,monitor,26.23,0.9602,behaviour,,processing,238.0,129.2,12.3,0.4,66.4,8.0,41.8
takeover,s007,0,sim-010667f1d67194583db9b1742e042214,login,2079fb7f405e4297815eec943dcbaff9,monitor,31.02,0.4053,context,,,255.2,98.4,11.6,0.3,27.7,58.6,
takeover,s007,0,sim-010667f1d67194583db9b1742e042214,payee,f9ec85465a12478e98bcbf0f3d2275d2,monitor,35.06,0.586,context,,,167.3,54.0,22.9,0.3,22.3,8.3,
takeover,s007,0,sim-010667f1d67194583db9b1742e042214,amount,dba71913dc384971a75924f276458e7b,step_up,97.21,0.9272,transaction,checkpoint,,161.9,52.3,12.8,0.4,29.5,9.5,
takeover,s007,0,sim-010667f1d67194583db9b1742e042214,confirmation,35ff9883b3314aefa5c521b57ade83f4,block,97.52,0.9602,transaction,,blocked,251.1,143.4,14.6,20.4,68.2,8.4,31.5
takeover,s007,1,sim-db6bbf21cc74ba2902864409ead33f8b,login,30bab84cb92c4a2aa8f0bd327bc98684,monitor,31.58,0.4053,context,,,151.0,47.2,11.8,0.3,20.1,14.8,
takeover,s007,1,sim-db6bbf21cc74ba2902864409ead33f8b,payee,366e2d4d952840a9a713a611e0a45a4c,monitor,35.92,0.586,context,,,170.1,64.3,12.3,0.3,42.5,8.9,
takeover,s007,1,sim-db6bbf21cc74ba2902864409ead33f8b,amount,05f1f6000ccb4cc4ac7ee5998c1fa2c9,step_up,96.79,0.9272,transaction,checkpoint,,158.6,55.3,12.5,0.4,33.9,8.3,
takeover,s007,1,sim-db6bbf21cc74ba2902864409ead33f8b,confirmation,582399c66dfc47c4af73a18040bad58e,block,97.03,0.9602,transaction,,blocked,235.7,132.9,14.2,0.4,82.7,9.5,25.9
takeover,s007,2,sim-fac0e85147b5b7964fa91aa5a028463b,login,4f3b8c705a9141a5814647bf33725891,monitor,33.1,0.4053,context,,,175.6,59.0,12.6,0.3,36.7,9.1,
takeover,s007,2,sim-fac0e85147b5b7964fa91aa5a028463b,payee,4fa274524bde454f992419f8c8770f7e,step_up,37.96,0.586,context,,,193.2,57.3,25.7,0.3,18.6,12.4,
takeover,s007,2,sim-fac0e85147b5b7964fa91aa5a028463b,amount,cf28782c92e842d28a2c626509ff7ea8,step_up,97.55,0.9272,transaction,checkpoint,,168.1,55.8,15.0,0.4,31.1,9.1,
takeover,s007,2,sim-fac0e85147b5b7964fa91aa5a028463b,confirmation,5ade823e7282488086fdc84ec9e85020,block,97.87,0.9602,transaction,,blocked,250.4,121.9,13.7,0.4,54.8,19.8,32.9
takeover,s007,3,sim-77efe547163400afe850e6b1864636ad,login,009f323029b841daad78586d086eb7ef,monitor,33.5,0.4053,context,,,158.5,51.9,12.8,0.3,30.8,7.8,
takeover,s007,3,sim-77efe547163400afe850e6b1864636ad,payee,e187f4c276c24252b8f435bf2459f64b,step_up,37.79,0.586,context,,,167.0,47.9,12.9,0.3,22.0,12.5,
takeover,s007,3,sim-77efe547163400afe850e6b1864636ad,amount,2423febf6a1e46819cadb11f859e1d87,step_up,97.13,0.9272,transaction,checkpoint,,175.0,68.4,13.3,20.5,26.2,8.2,
takeover,s007,3,sim-77efe547163400afe850e6b1864636ad,confirmation,423741fe39cf404e859962805add9b74,block,96.91,0.9602,transaction,,blocked,233.6,132.4,24.8,0.5,58.9,19.4,28.6
takeover,s007,4,sim-8f8857eb6dececddf266d8f3b6090eb3,login,8d321f71dd9744c4a5e0d1a5c57efef3,monitor,34.5,0.4053,context,,,171.0,64.1,14.4,0.3,40.7,8.5,
takeover,s007,4,sim-8f8857eb6dececddf266d8f3b6090eb3,payee,b9f6c67dd08142c688199513a10b8cf1,step_up,40.95,0.586,behaviour,,,175.2,58.9,24.2,0.4,25.6,8.6,
takeover,s007,4,sim-8f8857eb6dececddf266d8f3b6090eb3,amount,c0ac89cadeb645ad9a33d259e1415b39,step_up,97.63,0.9272,transaction,checkpoint,,198.8,66.3,34.2,0.4,23.1,8.4,
takeover,s007,4,sim-8f8857eb6dececddf266d8f3b6090eb3,confirmation,4c5b3f85ffd74952a12e7ae4dc0c303e,block,97.68,0.9602,transaction,,blocked,272.9,138.0,14.1,0.4,76.1,19.7,27.5
bot,s007,0,sim-92ad1bf2dbda83873c96800e9399d162,login,4a73508427264bf79573c1bd870395fb,step_up,92.62,0.4053,automation,friction_ceiling,,192.0,62.2,24.3,0.3,22.8,14.6,
bot,s007,0,sim-92ad1bf2dbda83873c96800e9399d162,payee,7dcb0e63630a4bd2b873f35d2efa49e3,step_up,99.14,0.586,automation,friction_ceiling,,277.9,64.3,15.7,10.5,25.7,12.2,
bot,s007,0,sim-92ad1bf2dbda83873c96800e9399d162,amount,7df53131664a40369edbf001846e294d,step_up,99.44,0.9272,automation,friction_ceiling,,175.3,67.0,34.6,0.4,23.6,8.2,
bot,s007,0,sim-92ad1bf2dbda83873c96800e9399d162,confirmation,1b3541dc01fa4c72874070b5ca66405b,step_up,99.57,0.9602,automation,friction_ceiling,awaiting_step_up,264.8,138.5,24.7,0.4,74.2,8.3,30.6
bot,s007,1,sim-34ae84d80dfc8cc534f2a3fadf0004de,login,be9fcd5465c14244a1c9953a78731e61,step_up,92.62,0.4053,automation,friction_ceiling,,160.7,59.5,24.0,0.3,21.3,13.7,
bot,s007,1,sim-34ae84d80dfc8cc534f2a3fadf0004de,payee,da57656299474076b89359c3ccbb7989,step_up,99.14,0.586,automation,friction_ceiling,,174.8,67.8,34.3,0.3,23.3,9.6,
bot,s007,1,sim-34ae84d80dfc8cc534f2a3fadf0004de,amount,a4feb9ad1c1f4211ac24e2893184d67c,step_up,99.44,0.9272,automation,friction_ceiling,,179.7,59.3,24.4,0.4,25.9,8.4,
bot,s007,1,sim-34ae84d80dfc8cc534f2a3fadf0004de,confirmation,39f690a6fe584a2c970b0ac3aa812e29,step_up,99.57,0.9602,automation,friction_ceiling,awaiting_step_up,243.3,138.4,24.6,0.4,75.8,8.4,28.9
bot,s007,2,sim-83ba3eaccae7f7be20c6024a32613ed6,login,ca7f24a6d95242338e6ea1f73ae947d0,step_up,92.62,0.4053,automation,friction_ceiling,,210.1,58.2,13.7,0.3,34.7,9.3,
bot,s007,2,sim-83ba3eaccae7f7be20c6024a32613ed6,payee,3761c2363af944878d429818927e96f6,step_up,99.14,0.586,automation,friction_ceiling,,184.9,53.6,24.0,0.3,21.2,7.8,
bot,s007,2,sim-83ba3eaccae7f7be20c6024a32613ed6,amount,22d671026bfe453abf1d60e9310679b9,step_up,99.44,0.9272,automation,friction_ceiling,,166.9,58.5,14.1,0.4,29.8,14.0,
bot,s007,2,sim-83ba3eaccae7f7be20c6024a32613ed6,confirmation,acd6f0d2a3074644aa0698a729605a1e,step_up,99.57,0.9602,automation,friction_ceiling,awaiting_step_up,280.7,126.7,24.4,0.4,60.1,8.1,33.4
bot,s007,3,sim-124211f7738cc8a13a068f7b59ec575d,login,48883b51b9414da3ba159ada71313b20,step_up,92.62,0.4053,automation,friction_ceiling,,185.7,50.9,23.5,0.3,19.2,7.7,
bot,s007,3,sim-124211f7738cc8a13a068f7b59ec575d,payee,4f5a891b13364000a0d0cf400903f624,step_up,99.14,0.586,automation,friction_ceiling,,180.4,58.6,13.9,0.3,36.4,7.8,
bot,s007,3,sim-124211f7738cc8a13a068f7b59ec575d,amount,fe1978ed9b244004a2427f13613ef397,step_up,99.44,0.9272,automation,friction_ceiling,,171.9,59.5,24.4,0.4,20.0,14.4,
bot,s007,3,sim-124211f7738cc8a13a068f7b59ec575d,confirmation,88fb7ef82c714e38bd9c81bff3a1277f,step_up,99.57,0.9602,automation,friction_ceiling,awaiting_step_up,294.0,147.4,14.2,0.4,81.5,19.8,31.3
bot,s007,4,sim-b47302a95ed0e49e1343eecbf61512a4,login,011d0e692a3e4d3b84653253404c1717,step_up,92.62,0.4053,automation,friction_ceiling,,173.5,59.6,13.8,0.3,37.1,8.2,
bot,s007,4,sim-b47302a95ed0e49e1343eecbf61512a4,payee,b2497bc16548424d9f94bd150c25699b,step_up,99.14,0.586,automation,friction_ceiling,,157.8,55.8,15.9,0.3,31.6,7.7,
bot,s007,4,sim-b47302a95ed0e49e1343eecbf61512a4,amount,c7519c81d98547d5854cf13b9efd2d53,step_up,99.44,0.9272,automation,friction_ceiling,,200.7,55.1,14.4,0.4,32.2,8.0,
bot,s007,4,sim-b47302a95ed0e49e1343eecbf61512a4,confirmation,53ebd020f5fb4379a460cfcb8a892dd1,step_up,99.57,0.9602,automation,friction_ceiling,awaiting_step_up,277.1,141.9,14.6,0.4,81.1,9.0,36.6
replay,s007,0,sim-3f0a89719048ca991794496e875f5975,login,2e5955a4b47d469d84d8afe94a6e41be,step_up,91.36,0.4053,automation,friction_ceiling,,254.7,49.9,14.1,0.3,20.8,14.5,
replay,s007,0,sim-3f0a89719048ca991794496e875f5975,payee,95c7e49f0b224199bb1956f8dd123f90,step_up,98.69,0.586,automation,friction_ceiling,,160.3,54.4,13.9,0.4,26.7,13.2,
replay,s007,0,sim-3f0a89719048ca991794496e875f5975,amount,07dc95fabff84739b7df9ca41f1a16de,step_up,98.91,0.9272,automation,friction_ceiling,,192.5,58.3,24.2,0.4,25.1,8.3,
replay,s007,0,sim-3f0a89719048ca991794496e875f5975,confirmation,79f254499e01423fafdd91c52645be0a,step_up,99.13,0.9602,automation,friction_ceiling,awaiting_step_up,257.2,135.4,24.5,0.5,60.0,19.8,30.3
replay,s007,1,sim-9722897eeaa67c81ea5199b08abc25c0,login,57087507915b4044b870b51f499ffdfb,step_up,88.09,0.4053,automation,friction_ceiling,,196.2,63.2,14.3,20.4,20.1,8.1,
replay,s007,1,sim-9722897eeaa67c81ea5199b08abc25c0,payee,0824a73bc01449d08dff6ab2c2b9c822,step_up,97.29,0.586,automation,friction_ceiling,,185.6,65.3,14.5,0.4,42.0,8.3,
replay,s007,1,sim-9722897eeaa67c81ea5199b08abc25c0,amount,c72eaafa5825455c88ae320b0907eae7,step_up,96.94,0.9272,automation,friction_ceiling,,166.6,61.6,24.5,0.4,21.6,14.8,
replay,s007,1,sim-9722897eeaa67c81ea5199b08abc25c0,confirmation,118807aa9f4142fd92b278741561fa14,step_up,97.29,0.9602,automation,friction_ceiling,awaiting_step_up,265.9,142.8,14.6,0.4,81.0,19.7,26.8
replay,s007,2,sim-20d22622b705882a3292bcbf009a84a1,login,9409cf95f853445b9bc96421589ddd4b,step_up,88.4,0.4053,automation,friction_ceiling,,184.7,61.0,24.8,0.3,21.6,14.1,
replay,s007,2,sim-20d22622b705882a3292bcbf009a84a1,payee,bfe56b5d583f4d089c900cf4d086ae8f,step_up,97.36,0.586,automation,friction_ceiling,,171.1,58.3,14.6,0.4,35.9,7.3,
replay,s007,2,sim-20d22622b705882a3292bcbf009a84a1,amount,6c47d262a1bc4a5db339f9869666968a,step_up,97.28,0.9272,automation,friction_ceiling,,190.6,66.6,35.1,0.4,22.0,8.8,
replay,s007,2,sim-20d22622b705882a3292bcbf009a84a1,confirmation,ff880579fed74ca2afa5945eec6b13d1,step_up,96.64,0.9602,automation,friction_ceiling,awaiting_step_up,263.2,143.3,25.5,0.4,80.0,8.9,28.1
replay,s007,3,sim-cfb4e9793889cc032c42bc4f5c262616,login,b35f3b9987bf4a0c892859224cb864ac,step_up,88.72,0.4053,automation,friction_ceiling,,190.5,68.0,17.3,0.3,41.7,8.4,
replay,s007,3,sim-cfb4e9793889cc032c42bc4f5c262616,payee,c51a828c3e7c41bab4da9960b221d918,step_up,97.61,0.586,automation,friction_ceiling,,164.2,58.9,26.0,0.4,23.8,8.5,
replay,s007,3,sim-cfb4e9793889cc032c42bc4f5c262616,amount,40141839245d41b29867424c16e8c8cd,step_up,97.2,0.9272,automation,friction_ceiling,,186.7,67.2,15.4,0.4,36.7,14.5,
replay,s007,3,sim-cfb4e9793889cc032c42bc4f5c262616,confirmation,01273d05615e4a188012a44d177341a6,step_up,96.13,0.9602,automation,friction_ceiling,awaiting_step_up,274.0,166.6,35.9,0.5,83.6,15.0,31.3
replay,s007,4,sim-f810705fee517fa259931bd62157b8a1,login,30bd700eeef7444999520d1c83c92fbf,step_up,88.27,0.4053,automation,friction_ceiling,,180.3,67.2,35.6,0.3,22.2,8.9,
replay,s007,4,sim-f810705fee517fa259931bd62157b8a1,payee,1502ce7d7076437a8a39a8d39a4f607b,step_up,97.16,0.586,automation,friction_ceiling,,174.0,69.5,25.5,0.4,34.2,9.3,
replay,s007,4,sim-f810705fee517fa259931bd62157b8a1,amount,76424bde157944cfbd92675c3f3950b6,step_up,96.73,0.9272,automation,friction_ceiling,,190.0,75.2,35.9,0.4,24.2,14.4,
replay,s007,4,sim-f810705fee517fa259931bd62157b8a1,confirmation,44d375ecd8914f06be9aa35d36ab7a43,step_up,96.33,0.9602,automation,friction_ceiling,awaiting_step_up,272.6,164.5,36.4,0.5,88.4,9.7,29.3
poisoning,s007,0,sim-322107dec3b95b9467824cde38d029f7,login,b6f98f71aede45df99293e7c64686173,allow,21.91,0.4053,behaviour,,,182.6,60.5,26.4,0.4,25.1,8.5,
poisoning,s007,0,sim-322107dec3b95b9467824cde38d029f7,payee,0fad1033ef39483bbd53aabd39b7fe00,monitor,26.37,0.586,behaviour,,,171.0,65.9,16.1,0.4,41.2,7.9,
poisoning,s007,0,sim-322107dec3b95b9467824cde38d029f7,amount,9a7343a037b24f55986ba880807f2d98,monitor,31.23,0.9272,behaviour,,,193.0,69.4,16.3,0.4,42.0,10.4,
poisoning,s007,0,sim-322107dec3b95b9467824cde38d029f7,confirmation,b0f38ed23e20421a895ec61ab918a61c,monitor,33.66,0.9602,behaviour,,processing,254.1,154.5,26.6,0.5,92.8,8.6,25.9
poisoning,s007,1,sim-38371627820dcc5dc344f8f93310b17e,login,c40addffc8914256a0fc1037f2773cc1,allow,20.25,0.4053,behaviour,,,184.3,61.0,25.8,0.3,19.9,14.7,
poisoning,s007,1,sim-38371627820dcc5dc344f8f93310b17e,payee,6d32c7d1f9bd44f08c4f582ca690bf99,allow,22.8,0.586,behaviour,,,200.8,68.3,16.5,0.4,42.7,8.4,
poisoning,s007,1,sim-38371627820dcc5dc344f8f93310b17e,amount,9b8d65d2423240568ad80b73b3e4bda8,monitor,24.89,0.9272,behaviour,,,179.7,70.9,16.6,0.5,39.3,14.4,
poisoning,s007,1,sim-38371627820dcc5dc344f8f93310b17e,confirmation,58cbc5f00bd9457c86e9113b77285904,monitor,27.17,0.9602,behaviour,,processing,269.0,164.8,37.2,0.5,76.9,19.6,30.4
poisoning,s007,2,sim-3b43284367c3a9544b1de9263feeeeb1,login,baaf46a7bd8e41028e06cdad61549bc5,monitor,23.32,0.4053,behaviour,,,163.9,60.6,26.4,0.4,25.1,8.4,
poisoning,s007,2,sim-3b43284367c3a9544b1de9263feeeeb1,payee,369916cafe754137bc291ecf77d9c7b3,monitor,28.62,0.586,behaviour,,,186.1,70.6,17.0,0.4,38.6,14.3,
poisoning,s007,2,sim-3b43284367c3a9544b1de9263feeeeb1,amount,c572dc589c9e490a966a5413e54c613a,monitor,32.86,0.9272,behaviour,,,179.4,73.9,37.7,0.4,21.1,14.5,
poisoning,s007,2,sim-3b43284367c3a9544b1de9263feeeeb1,confirmation,46cc7a89b10244bdb6a8e7c335d02c68,step_up,36.87,0.9602,behaviour,,awaiting_step_up,374.3,264.1,37.7,0.5,187.6,11.5,26.6
poisoning,s007,3,sim-2fba2b0839d172d5cae5d7b0ca6d2810,login,0e2ac9f8b89d42ce9ad8b3f4bf4ca6b0,monitor,23.44,0.4053,behaviour,,,185.2,70.7,16.6,0.4,39.0,14.5,
poisoning,s007,3,sim-2fba2b0839d172d5cae5d7b0ca6d2810,payee,5b0cdc4bf2804ed6abbd03fc0b79465c,monitor,28.62,0.586,behaviour,,,197.5,64.6,26.7,0.4,27.9,9.4,
poisoning,s007,3,sim-2fba2b0839d172d5cae5d7b0ca6d2810,amount,18aadfdd0c6b49459f9c3654d1e68340,monitor,32.55,0.9272,behaviour,,,170.2,67.8,17.2,0.4,41.3,8.6,
poisoning,s007,3,sim-2fba2b0839d172d5cae5d7b0ca6d2810,confirmation,a20dac0fce58451c8f155b8ff12508da,monitor,33.99,0.9602,behaviour,,processing,306.3,170.7,39.7,0.5,96.3,7.8,26.1
poisoning,s007,4,sim-f820731adccb47cbfabd3a9a03b3d182,login,70a149b44d524768922d6e27f448c5b8,allow,23.15,0.4053,behaviour,,,184.6,62.6,27.4,0.4,19.8,14.8,
poisoning,s007,4,sim-f820731adccb47cbfabd3a9a03b3d182,payee,8247ab51ea504d428112478595121916,monitor,28.35,0.586,behaviour,,,181.2,70.9,17.3,0.4,38.7,14.3,
poisoning,s007,4,sim-f820731adccb47cbfabd3a9a03b3d182,amount,d8171cd361994295ba93322d78ebe29e,monitor,26.23,0.9272,behaviour,,,208.7,79.6,17.8,0.5,52.6,8.5,
poisoning,s007,4,sim-f820731adccb47cbfabd3a9a03b3d182,confirmation,af935f5d715e48349261040cf79fa37b,monitor,29.35,0.9602,behaviour,,processing,293.1,173.6,17.5,0.5,112.1,8.9,34.5
genuine,s008,0,sim-35729e90e524ba9371bf68dc9ecbc95c,login,ca1d288331894721810ae3170287890c,monitor,23.46,0.4053,behaviour,,,195.1,87.6,9.7,0.3,24.3,53.1,
genuine,s008,0,sim-35729e90e524ba9371bf68dc9ecbc95c,payee,046fb8eef5ec4968a16ac2cdd78c7f58,monitor,30.7,0.586,behaviour,,,152.1,49.9,20.0,0.3,18.8,10.6,
genuine,s008,0,sim-35729e90e524ba9371bf68dc9ecbc95c,amount,896bc65fa24c45d9a35c7ab42d397219,step_up,39.12,0.9272,behaviour,,,170.4,43.3,10.6,0.3,21.5,10.7,
genuine,s008,0,sim-35729e90e524ba9371bf68dc9ecbc95c,confirmation,de8d4ea3de4242eca1eed77d9c753b51,step_up,42.3,0.9602,behaviour,,awaiting_step_up,206.3,106.4,10.3,0.4,56.2,10.4,28.8
genuine,s008,1,sim-97119de7f36f85cde644da6f5b939669,login,75075600c97e4f4dbb202b84be8fba6d,allow,23.19,0.4053,behaviour,,,146.1,44.7,11.2,0.3,23.1,9.8,
genuine,s008,1,sim-97119de7f36f85cde644da6f5b939669,payee,a90be22715484662bc34bc2513be6db2,monitor,27.37,0.586,behaviour,,,163.8,51.5,10.7,10.4,20.2,10.0,
genuine,s008,1,sim-97119de7f36f85cde644da6f5b939669,amount,46ae3a5a32364e509e0cdc0698d7cf17,monitor,28.23,0.9272,behaviour,,,171.2,47.5,10.6,0.3,25.8,10.5,
genuine,s008,1,sim-97119de7f36f85cde644da6f5b939669,confirmation,0b474c3e36914f3ab996a30b7d8d5357,monitor,31.71,0.9602,behaviour,,processing,252.0,119.4,11.2,0.4,64.5,11.4,31.7
genuine,s008,2,sim-000e92896cc6ef423581e35438edcf37,login,c1bcd5f0e56f44b1adf64d226a7f7985,monitor,25.41,0.4053,behaviour,,,156.4,41.6,10.4,0.3,20.7,10.0,
genuine,s008,2,sim-000e92896cc6ef423581e35438edcf37,payee,8e96b1052ab5480f9e6d4d8345f915e1,monitor,33.93,0.586,behaviour,,,175.2,40.1,10.6,0.3,19.4,9.5,
genuine,s008,2,sim-000e92896cc6ef423581e35438edcf37,amount,a209faa258bd418e889f90f88156762a,step_up,42.91,0.9272,behaviour,,,165.8,53.9,10.8,0.3,31.3,11.2,
genuine,s008,2,sim-000e92896cc6ef423581e35438edcf37,confirmation,103e371fab6c4b29a39062b89f21b6c3,step_up,49.19,0.9602,behaviour,,awaiting_step_up,223.7,108.6,11.8,0.4,54.4,10.0,31.7
genuine,s008,3,sim-4ca24d0ed1e0f8c3964ec9f07618403b,login,5907c3a24aa64960b7003154272e744e,monitor,26.83,0.4053,behaviour,,,169.5,55.3,21.0,0.3,20.0,13.8,
genuine,s008,3,sim-4ca24d0ed1e0f8c3964ec9f07618403b,payee,6b98b6ace211473fb75ee5c358120c61,monitor,34.47,0.586,behaviour,,,178.1,55.8,22.4,0.3,23.1,9.8,
genuine,s008,3,sim-4ca24d0ed1e0f8c3964ec9f07618403b,amount,35b4e4ba8e304afb9b95cd6ff4699e72,step_up,36.94,0.9272,behaviour,,,166.6,46.8,12.0,0.3,19.5,14.7,
genuine,s008,3,sim-4ca24d0ed1e0f8c3964ec9f07618403b,confirmation,00afd75a44234e5284c0d5cbdb839200,monitor,34.48,0.9602,behaviour,,processing,239.1,124.2,12.3,0.4,58.1,13.9,39.2
genuine,s008,4,sim-dc3a1384d0ab03c8953d371b781be671,login,1290a4a695d24e8c84684f09b794fe24,monitor,26.25,0.4053,behaviour,,,162.5,55.5,11.2,0.3,33.7,10.1,
genuine,s008,4,sim-dc3a1384d0ab03c8953d371b781be671,payee,0cd5ff26814246c192b21d5154acc970,monitor,35.45,0.586,behaviour,,,212.9,53.6,21.6,0.3,21.7,9.7,
genuine,s008,4,sim-dc3a1384d0ab03c8953d371b781be671,amount,571480fa9a30421383e594f6b642df74,step_up,38.31,0.9272,behaviour,,,163.4,61.9,16.6,0.4,31.5,13.2,
genuine,s008,4,sim-dc3a1384d0ab03c8953d371b781be671,confirmation,0e799b5de3bb43b0ad68e281ed412b10,step_up,37.91,0.9602,behaviour,,awaiting_step_up,221.0,113.2,11.8,0.4,65.2,9.6,25.9
takeover,s008,0,sim-ac5dca78ce3c2f86c605a76a3d64450f,login,711f410ea10a43debafad653a1ac329b,step_up,37.68,0.4053,context,,,152.0,45.6,11.4,0.3,23.6,10.0,
takeover,s008,0,sim-ac5dca78ce3c2f86c605a76a3d64450f,payee,f0440da9ba324622aa15a109744be04c,step_up,47.03,0.586,behaviour,,,197.9,62.6,31.7,0.3,19.6,10.9,
takeover,s008,0,sim-ac5dca78ce3c2f86c605a76a3d64450f,amount,fa1ac39dc9e84f9f90388265320f42a6,step_up,98.92,0.9272,transaction,checkpoint,,163.5,52.4,12.3,0.4,30.0,9.5,
takeover,s008,0,sim-ac5dca78ce3c2f86c605a76a3d64450f,confirmation,4b5b383666434de6bc971b62bb9cfb2f,block,99.15,0.9602,transaction,,blocked,245.3,132.8,32.4,0.4,59.7,9.8,30.4
takeover,s008,1,sim-532e3d9789d4f61158f367852d180c48,login,e9e24d5b53334783bb70ab5833fc7c50,step_up,44.19,0.4053,behaviour,,,162.2,51.0,12.0,0.3,29.3,9.3,
takeover,s008,1,sim-532e3d9789d4f61158f367852d180c48,payee,52a3dcbbb7be4678866d70f8a96ed544,step_up,59.12,0.586,behaviour,,,188.8,64.2,12.0,0.3,41.5,10.2,
takeover,s008,1,sim-532e3d9789d4f61158f367852d180c48,amount,4d7bc7a7e7b3468da7547dd6b02f1072,step_up,98.47,0.9272,transaction,checkpoint,,178.3,65.6,12.3,0.4,41.7,11.0,
takeover,s008,1,sim-532e3d9789d4f61158f367852d180c48,confirmation,dd278b9bd7ac40c9b77f033e1749777e,block,98.92,0.9602,transaction,,blocked,249.4,128.0,12.6,0.4,74.1,10.8,29.8
takeover,s008,2,sim-52d807fc51e4cdbcbc11a719f662273f,login,43b0be2595ef44e98be5a09d92335e05,step_up,38.76,0.4053,context,,,185.2,85.3,13.2,0.3,30.1,41.5,
takeover,s008,2,sim-52d807fc51e4cdbcbc11a719f662273f,payee,963162283917434ea8bdedf54a82466d,step_up,52.0,0.586,behaviour,,,184.3,57.3,12.8,0.3,33.5,10.4,
takeover,s008,2,sim-52d807fc51e4cdbcbc11a719f662273f,amount,203268c76f1d4e5984bd59e602c409ba,step_up,99.05,0.9272,transaction,checkpoint,,179.1,66.8,13.6,0.5,42.5,9.9,
takeover,s008,2,sim-52d807fc51e4cdbcbc11a719f662273f,confirmation,45211ee49cfc4a1cb8e17d0d3a5ec6aa,block,99.21,0.9602,transaction,,blocked,246.2,128.9,33.3,0.4,58.6,10.3,25.9
takeover,s008,3,sim-6e5e9cc6ee9b1c5f3eb2f79ff4590ec6,login,b83d41876d8a437fa36972ec490b8cf4,step_up,41.06,0.4053,behaviour,,,158.7,52.7,13.6,0.3,28.7,9.8,
takeover,s008,3,sim-6e5e9cc6ee9b1c5f3eb2f79ff4590ec6,payee,4a53aa7e3e7a4c2886b0926ebd96fe5e,step_up,54.47,0.586,behaviour,,,174.7,65.6,13.6,0.3,41.5,9.9,
takeover,s008,3,sim-6e5e9cc6ee9b1c5f3eb2f79ff4590ec6,amount,0ec2412fb52d468dacfdfed26fcefc6d,step_up,99.19,0.9272,transaction,checkpoint,,178.2,64.8,13.1,0.4,41.5,9.7,
takeover,s008,3,sim-6e5e9cc6ee9b1c5f3eb2f79ff4590ec6,confirmation,228eee3cd01d4ea38edd43c6c7adee09,block,99.27,0.9602,transaction,,blocked,243.5,132.4,23.7,0.4,56.1,19.8,32.2
takeover,s008,4,sim-9c1bcc1609230748924d78adbdf33583,login,8a812c715797463087b07c1339c9d508,step_up,39.72,0.4053,context,,,158.1,53.5,23.1,0.3,18.6,11.2,
takeover,s008,4,sim-9c1bcc1609230748924d78adbdf33583,payee,dc96f6f33cf943149f62e073b63a1e3c,step_up,57.89,0.586,behaviour,,,201.5,73.5,21.1,0.3,41.7,10.1,
takeover,s008,4,sim-9c1bcc1609230748924d78adbdf33583,amount,136edb63220d4ee6a8fec9d4800d246d,step_up,99.3,0.9272,transaction,checkpoint,,177.4,54.9,13.6,10.5,20.2,10.4,
takeover,s008,4,sim-9c1bcc1609230748924d78adbdf33583,confirmation,9df5660ddc41482ca7105bf0201dca0f,block,99.51,0.9602,transaction,,blocked,277.3,143.3,35.6,0.4,58.7,19.7,28.6
bot,s008,0,sim-16ceb19ed47f8edc6155528ae4e71fe6,login,b8dce7716b294627b35938154b7e04e6,step_up,94.94,0.4053,automation,friction_ceiling,,161.5,54.2,24.4,0.3,19.4,9.8,
bot,s008,0,sim-16ceb19ed47f8edc6155528ae4e71fe6,payee,22fc984aeb394a1aaeddfed8487f4f63,step_up,99.61,0.586,automation,friction_ceiling,,165.6,59.0,24.2,0.4,23.9,10.3,
bot,s008,0,sim-16ceb19ed47f8edc6155528ae4e71fe6,amount,aa38f604bd6640138a7a68cf35534711,step_up,99.83,0.9272,automation,friction_ceiling,,179.1,64.8,14.2,0.4,39.9,10.2,
bot,s008,0,sim-16ceb19ed47f8edc6155528ae4e71fe6,confirmation,ac2c2a65a2e84f749c7ee45011c5a353,step_up,99.9,0.9602,automation,friction_ceiling,awaiting_step_up,248.3,142.9,24.8,0.4,76.8,10.7,30.0
bot,s008,1,sim-a00f397cc8f189bb2d8ea28160d84fce,login,c32044fbef4247b2bd27c2164fdfe99d,step_up,94.94,0.4053,automation,friction_ceiling,,166.1,60.9,13.9,0.3,36.3,10.1,
bot,s008,1,sim-a00f397cc8f189bb2d8ea28160d84fce,payee,774dd6222b8047db8cfb76959c6abd91,step_up,99.61,0.586,automation,friction_ceiling,,197.7,66.2,14.3,0.3,41.3,9.9,
bot,s008,1,sim-a00f397cc8f189bb2d8ea28160d84fce,amount,95ac7bf73c80416598c047aa9f963923,step_up,99.83,0.9272,automation,friction_ceiling,,168.3,63.2,14.4,0.4,38.5,9.7,
bot,s008,1,sim-a00f397cc8f189bb2d8ea28160d84fce,confirmation,87222a141c5e41a2984d6f7decb6390f,step_up,99.9,0.9602,automation,friction_ceiling,awaiting_step_up,244.2,137.4,14.3,0.4,82.5,11.0,28.9
bot,s008,2,sim-03c435040d5e13b681893fe17994ef66,login,6e28d7e627044f73bd58056d5e33af54,step_up,94.94,0.4053,automation,friction_ceiling,,180.5,64.0,33.6,0.3,19.7,10.1,
bot,s008,2,sim-03c435040d5e13b681893fe17994ef66,payee,caacd58006194c478c5be2e9c234cc9c,step_up,99.61,0.586,automation,friction_ceiling,,197.7,60.2,23.9,0.3,21.0,14.7,
bot,s008,2,sim-03c435040d5e13b681893fe17994ef66,amount,aeaa8a0dc7bb45178b04b17d8d69527c,step_up,99.83,0.9272,automation,friction_ceiling,,167.9,57.9,14.2,0.4,28.9,14.2,
bot,s008,2,sim-03c435040d5e13b681893fe17994ef66,confirmation,aec8c49fb7ed41eba87108792f987a50,step_up,99.9,0.9602,automation,friction_ceiling,awaiting_step_up,269.2,137.7,24.4,0.4,76.5,9.6,26.6
bot,s008,3,sim-4937086052a4b1f5951e933c2db13b9c,login,90552b15d60044eda7c69224c0e3c69f,step_up,94.94,0.4053,automation,friction_ceiling,,197.1,65.7,35.1,0.3,19.8,10.3,
bot,s008,3,sim-4937086052a4b1f5951e933c2db13b9c,payee,76bf39948e1b413188540402fa760695,step_up,99.61,0.586,automation,friction_ceiling,,166.0,61.6,24.3,0.3,22.3,14.4,
bot,s008,3,sim-4937086052a4b1f5951e933c2db13b9c,amount,9fc6aa5648804d8fb022d1d7cdb94397,step_up,99.83,0.9272,automation,friction_ceiling,,177.9,48.3,14.5,0.4,18.7,14.5,
bot,s008,3,sim-4937086052a4b1f5951e933c2db13b9c,confirmation,39eea306eb594e6a96c6f7c44d4ec0d4,step_up,99.9,0.9602,automation,friction_ceiling,awaiting_step_up,273.0,148.3,34.9,0.4,59.7,19.6,33.5
bot,s008,4,sim-4484360f7d3911f41eaa58995a337bc5,login,1ac97776acea4355ab5f495e11486d9e,step_up,94.94,0.4053,automation,friction_ceiling,,156.1,56.2,13.7,0.3,31.8,10.2,
bot,s008,4,sim-4484360f7d3911f41eaa58995a337bc5,payee,88abab1066b94e8e852a1c49a4965e7d,step_up,99.61,0.586,automation,friction_ceiling,,183.3,60.3,14.0,0.3,36.4,9.3,
bot,s008,4,sim-4484360f7d3911f41eaa58995a337bc5,amount,7de52a2da882414796bcbb7264aeda6a,step_up,99.83,0.9272,automation,friction_ceiling,,185.8,67.1,14.3,0.4,42.0,10.1,
bot,s008,4,sim-4484360f7d3911f41eaa58995a337bc5,confirmation,dc4b6bebb4aa49fe83c5a4e48a9344e8,step_up,99.9,0.9602,automation,friction_ceiling,awaiting_step_up,244.2,135.5,34.7,0.4,57.0,19.6,23.6
replay,s008,0,sim-395732a5baca28d6b1421510fde6302d,login,543ac97fb6234843bfa1b59b0d3e6365,step_up,90.88,0.4053,automation,friction_ceiling,,207.7,54.9,23.5,0.3,18.4,12.6,
replay,s008,0,sim-395732a5baca28d6b1421510fde6302d,payee,5a9cf77a8c474c439f1cbda439311191,step_up,98.48,0.586,automation,friction_ceiling,,198.2,64.5,34.0,0.4,19.1,10.9,
replay,s008,0,sim-395732a5baca28d6b1421510fde6302d,amount,2c26c39456ed4fc9b08c94ddccafcd21,step_up,98.22,0.9272,automation,friction_ceiling,,163.5,56.6,24.5,0.4,22.1,9.4,
replay,s008,0,sim-395732a5baca28d6b1421510fde6302d,confirmation,e799462ca87c4a5e94f9ca6b57e2200d,step_up,97.95,0.9602,automation,friction_ceiling,awaiting_step_up,294.1,152.7,29.0,0.4,65.7,19.7,37.5
replay,s008,1,sim-9f3b75fa544b30eefee6a0166e23838c,login,17dc26ec164949d59e91d7c798844e72,step_up,88.19,0.4053,automation,friction_ceiling,,160.0,53.4,24.0,0.3,19.8,9.1,
replay,s008,1,sim-9f3b75fa544b30eefee6a0166e23838c,payee,4f960cc125864e2fbc504b22ce7c237a,step_up,97.86,0.586,automation,friction_ceiling,,167.4,57.8,24.5,0.4,22.9,9.9,
replay,s008,1,sim-9f3b75fa544b30eefee6a0166e23838c,amount,6a3b4aa177e74cccbbcc55820ed788fb,step_up,97.8,0.9272,automation,friction_ceiling,,163.4,62.1,24.5,0.4,22.2,14.7,
replay,s008,1,sim-9f3b75fa544b30eefee6a0166e23838c,confirmation,b14bbf57d42e46e7a06d9db9c8e1e40d,step_up,98.07,0.9602,automation,friction_ceiling,awaiting_step_up,247.2,142.8,34.7,0.5,60.0,19.7,27.7
replay,s008,2,sim-14a61a0e24fdf03fb8b5551f9fa51570,login,745e6376c7e34f1c9eee1dc96da4429a,step_up,88.16,0.4053,automation,friction_ceiling,,181.2,53.7,24.5,0.3,18.8,9.8,
replay,s008,2,sim-14a61a0e24fdf03fb8b5551f9fa51570,payee,e7736588ec584463b170173b8185d961,step_up,97.65,0.586,automation,friction_ceiling,,228.1,66.9,14.3,0.4,40.1,12.0,
replay,s008,2,sim-14a61a0e24fdf03fb8b5551f9fa51570,amount,4c9df752bd794345b44b3bd996f38d54,step_up,97.49,0.9272,automation,friction_ceiling,,194.8,65.4,15.3,0.4,40.3,9.2,
replay,s008,2,sim-14a61a0e24fdf03fb8b5551f9fa51570,confirmation,0a5730571d3b46ea83013343caa5d6b7,step_up,97.18,0.9602,automation,friction_ceiling,awaiting_step_up,241.0,141.2,15.3,10.5,80.8,9.5,24.8
replay,s008,3,sim-9c908c2d4ae5f1d89c362ae65b7bfee9,login,f8bc80d60c164bda8a1ba288f9dfb113,step_up,88.97,0.4053,automation,friction_ceiling,,194.7,65.4,34.9,0.4,19.9,10.1,
replay,s008,3,sim-9c908c2d4ae5f1d89c362ae65b7bfee9,payee,de5431bf33f842cc9c8c553b1cbb1600,step_up,97.37,0.586,automation,friction_ceiling,,163.4,58.7,25.3,0.4,24.2,8.7,
replay,s008,3,sim-9c908c2d4ae5f1d89c362ae65b7bfee9,amount,51bb4b6f74a84ab7a27775ea10d7c4b9,step_up,96.95,0.9272,automation,friction_ceiling,,209.4,83.4,24.8,0.4,42.5,15.4,
replay,s008,3,sim-9c908c2d4ae5f1d89c362ae65b7bfee9,confirmation,0bc3d54c22124ffbbed63aca40cd92c7,step_up,96.72,0.9602,automation,friction_ceiling,awaiting_step_up,258.8,156.2,17.6,0.5,96.1,10.2,31.6
replay,s008,4,sim-9832e03b344356be07ef4c5dfce8725f,login,e7370f5b1bf3418289c43f3b8ef6cfcb,step_up,87.97,0.4053,automation,friction_ceiling,,174.1,74.7,37.5,0.4,25.3,11.3,
replay,s008,4,sim-9832e03b344356be07ef4c5dfce8725f,payee,d04d7fc8b2cf43bdbea15227e8f7b54a,step_up,97.33,0.586,automation,friction_ceiling,,183.2,60.5,25.5,0.4,23.9,10.5,
replay,s008,4,sim-9832e03b344356be07ef4c5dfce8725f,amount,cde041c09f0d445fbe7e2aa0f5b04622,step_up,97.11,0.9272,automation,friction_ceiling,,171.1,68.5,16.1,0.4,41.7,10.1,
replay,s008,4,sim-9832e03b344356be07ef4c5dfce8725f,confirmation,3c7d9fbd6a1140ba95bfd1f31370c092,step_up,96.36,0.9602,automation,friction_ceiling,awaiting_step_up,297.8,157.1,26.3,0.5,86.5,9.5,34.1
poisoning,s008,0,sim-ed8225c99012f216953549654ab9b3d0,login,ab0bd536b1ef4405add26ac46a405725,monitor,25.01,0.4053,behaviour,,,165.0,59.0,26.1,0.4,23.1,9.2,
poisoning,s008,0,sim-ed8225c99012f216953549654ab9b3d0,payee,1adad70d892b43d9a52cfaf66babab55,monitor,31.6,0.586,behaviour,,,185.3,61.6,25.7,0.4,20.8,14.5,
poisoning,s008,0,sim-ed8225c99012f216953549654ab9b3d0,amount,e9614d9d8ed944d7b615bb23bf31042c,step_up,43.83,0.9272,behaviour,,,178.8,76.5,22.5,0.4,39.4,14.0,
poisoning,s008,0,sim-ed8225c99012f216953549654ab9b3d0,confirmation,05e5af73959c4c76ac499d207a165ca3,step_up,48.59,0.9602,behaviour,,awaiting_step_up,324.7,165.6,26.7,0.5,94.3,9.8,34.2
poisoning,s008,1,sim-4ac69f47c1a17396e01aeb4c6e4af293,login,a3b9e9e27a3d4eef88bca511a74ee415,monitor,25.26,0.4053,behaviour,,,172.0,63.3,15.7,0.4,36.5,10.6,
poisoning,s008,1,sim-4ac69f47c1a17396e01aeb4c6e4af293,payee,4295ea8992374cc09b5fe357f57f5014,monitor,33.02,0.586,behaviour,,,202.2,64.1,26.2,0.4,23.8,13.6,
poisoning,s008,1,sim-4ac69f47c1a17396e01aeb4c6e4af293,amount,da49a855ad0f4a3ba59463d8142582db,monitor,33.8,0.9272,behaviour,,,203.4,72.8,37.5,0.4,20.6,14.0,
poisoning,s008,1,sim-4ac69f47c1a17396e01aeb4c6e4af293,confirmation,1beb69d088b043d6978d5b8f9052e903,step_up,39.46,0.9602,behaviour,,awaiting_step_up,264.4,157.5,16.7,0.5,103.1,10.1,26.9
poisoning,s008,2,sim-e3588c4724c1a252c1853d9b7ac4663c,login,e70ab0e11c8a42148a44ad663a1e6aa5,monitor,26.81,0.4053,behaviour,,,229.8,74.1,26.4,0.4,33.5,13.6,
poisoning,s008,2,sim-e3588c4724c1a252c1853d9b7ac4663c,payee,71e34333b7604952a52322a175f913f7,monitor,34.52,0.586,behaviour,,,281.5,75.9,36.8,0.4,24.0,14.4,
poisoning,s008,2,sim-e3588c4724c1a252c1853d9b7ac4663c,amount,7bc5635292fb4039ad799465af0d481c,step_up,44.44,0.9272,behaviour,,,242.8,70.3,47.1,0.5,12.5,9.9,
poisoning,s008,2,sim-e3588c4724c1a252c1853d9b7ac4663c,confirmation,d4ecfa7434a641de90b484fd1bba97c5,step_up,49.55,0.9602,behaviour,,awaiting_step_up,290.6,186.8,37.5,0.5,95.5,9.9,43.2
poisoning,s008,3,sim-244c5acf4df32a57704324770479a681,login,232c398949b54c4ead3bab68cd395bd3,monitor,26.1,0.4053,behaviour,,,215.3,63.7,16.5,0.4,36.3,10.3,
poisoning,s008,3,sim-244c5acf4df32a57704324770479a681,payee,68d018756eeb44b9afd6eadc6bd64cf9,monitor,34.42,0.586,behaviour,,,229.2,64.8,27.6,0.4,22.6,14.0,
poisoning,s008,3,sim-244c5acf4df32a57704324770479a681,amount,d8bfa50676634278885bb614681cb716,step_up,42.4,0.9272,behaviour,,,200.1,78.1,38.8,0.4,24.1,14.4,
poisoning,s008,3,sim-244c5acf4df32a57704324770479a681,confirmation,b125f396c5ea4b1d990328a3ac3816df,step_up,46.57,0.9602,behaviour,,awaiting_step_up,349.0,169.3,27.9,0.5,103.3,10.5,26.9
poisoning,s008,4,sim-8fbcdd957a4c8191a23d5d96e6f540e8,login,70c39d24839241f78d8c6c7fae5f4837,monitor,28.02,0.4053,behaviour,,,170.6,68.4,25.5,0.4,27.7,14.6,
poisoning,s008,4,sim-8fbcdd957a4c8191a23d5d96e6f540e8,payee,a8b5d27fe72f49aaaeb4901924a09712,step_up,41.13,0.586,behaviour,,,256.6,69.6,17.2,0.4,41.9,10.0,
poisoning,s008,4,sim-8fbcdd957a4c8191a23d5d96e6f540e8,amount,e9d8e85bd4654b7b96bfd4aef4b706da,step_up,49.79,0.9272,behaviour,,,184.6,70.1,17.5,0.4,42.1,9.9,
poisoning,s008,4,sim-8fbcdd957a4c8191a23d5d96e6f540e8,confirmation,2af7efe91fd7495b8eef36511f7b4923,step_up,54.25,0.9602,behaviour,,awaiting_step_up,295.8,166.4,18.2,0.5,111.3,10.0,26.3
genuine,s010,0,sim-1d387db319b2f43aa3b379802f50598b,login,caaa8dd62667460f8238d447595f6d15,allow,19.6,0.4053,behaviour,,,196.8,75.3,9.5,0.2,18.0,47.3,
genuine,s010,0,sim-1d387db319b2f43aa3b379802f50598b,payee,f6dd4391f24649e8949340786320b758,allow,19.2,0.586,behaviour,,,153.0,48.8,9.9,0.3,30.8,7.6,
genuine,s010,0,sim-1d387db319b2f43aa3b379802f50598b,amount,8e18e54abfc340a19546a3eb4f3eef48,monitor,23.76,0.9272,behaviour,,,191.9,54.0,10.4,0.3,32.5,10.6,
genuine,s010,0,sim-1d387db319b2f43aa3b379802f50598b,confirmation,4a385928b45a44aebcf4705575caf134,monitor,23.55,0.9602,behaviour,,processing,292.9,122.9,10.7,0.4,58.7,9.0,43.9
genuine,s010,1,sim-2f1764862a9bb3b14f7f9d9dcfab3ab2,login,ca0ff2662e1d41b4988cb868c330eff9,monitor,25.04,0.4053,behaviour,,,154.4,48.3,20.9,0.3,18.9,8.1,
genuine,s010,1,sim-2f1764862a9bb3b14f7f9d9dcfab3ab2,payee,48aebbae683e4f3f9b1e15fe0b3483c2,monitor,30.01,0.586,behaviour,,,213.8,45.8,10.4,0.3,20.5,14.4,
genuine,s010,1,sim-2f1764862a9bb3b14f7f9d9dcfab3ab2,amount,713469f3de4943018321bf276069d65d,allow,18.23,0.9272,behaviour,,,159.1,48.6,11.2,0.3,22.1,14.8,
genuine,s010,1,sim-2f1764862a9bb3b14f7f9d9dcfab3ab2,confirmation,1f58f0dd0f0043d3b9240040aa9349c8,allow,17.47,0.9602,behaviour,,processing,245.6,125.6,21.9,0.4,57.5,7.9,37.7
genuine,s010,2,sim-6135ec4a7094f36196442fcb350a51b8,login,278dc3c7a74440279eba8cf7b2a20cf2,monitor,23.9,0.4053,behaviour,,,166.3,43.9,10.9,0.3,23.2,9.2,
genuine,s010,2,sim-6135ec4a7094f36196442fcb350a51b8,payee,14645db232a24b87992c0eea3bcc116c,monitor,27.44,0.586,behaviour,,,180.9,43.4,11.1,0.3,23.6,8.2,
genuine,s010,2,sim-6135ec4a7094f36196442fcb350a51b8,amount,d24158c9a09f47568b58af8658e48625,monitor,32.63,0.9272,behaviour,,,165.7,50.7,11.4,0.3,24.2,14.6,
genuine,s010,2,sim-6135ec4a7094f36196442fcb350a51b8,confirmation,35469cac08a44b18aeb693e0e1e414ca,monitor,30.43,0.9602,behaviour,,processing,222.4,117.4,11.4,0.4,62.3,9.9,33.1
genuine,s010,3,sim-6d0ffb1827ecc5aa7bfd644b367e8167,login,5c2042ab7764405c93d88d33ef6f6866,allow,22.06,0.4053,behaviour,,,184.8,43.1,10.8,0.3,23.5,8.4,
genuine,s010,3,sim-6d0ffb1827ecc5aa7bfd644b367e8167,payee,66b9da8daa7e4bba9fe0fe27162b7445,monitor,24.94,0.586,behaviour,,,143.6,42.8,11.6,0.3,22.4,8.3,
genuine,s010,3,sim-6d0ffb1827ecc5aa7bfd644b367e8167,amount,105b9b63c1a34377a453ab139ea027ad,monitor,30.78,0.9272,behaviour,,,203.5,58.6,13.7,0.3,36.0,8.4,
genuine,s010,3,sim-6d0ffb1827ecc5aa7bfd644b367e8167,confirmation,3951ea7735bb442fb56287066195242d,monitor,25.11,0.9602,behaviour,,processing,242.0,119.4,12.1,0.4,57.6,19.9,29.2
genuine,s010,4,sim-81a1652f4e3b15a23d13c9878b629b65,login,5d85b3e3c51a4cd59b0d7a913c168951,allow,21.26,0.4053,behaviour,,,162.1,44.3,11.7,0.3,24.5,7.6,
genuine,s010,4,sim-81a1652f4e3b15a23d13c9878b629b65,payee,d9859f76470f4c18addac1c3e09cf830,monitor,30.25,0.586,behaviour,,,231.8,49.3,11.5,0.3,29.1,8.2,
genuine,s010,4,sim-81a1652f4e3b15a23d13c9878b629b65,amount,e31ad3d602af40c995379bc0753e3a7b,step_up,40.67,0.9272,behaviour,,,174.9,54.8,11.7,0.3,34.3,8.2,
genuine,s010,4,sim-81a1652f4e3b15a23d13c9878b629b65,confirmation,1cc482756bd14a3aaf8d996cc1493306,step_up,46.53,0.9602,behaviour,,awaiting_step_up,299.5,116.0,12.1,0.4,61.3,14.4,27.7
takeover,s010,0,sim-3a4491e81ac9071372285574340a2927,login,bf194cc3dd5547b3b9025c87b0699ffc,monitor,34.49,0.4053,context,,,156.4,45.5,11.6,0.3,18.5,15.0,
takeover,s010,0,sim-3a4491e81ac9071372285574340a2927,payee,bd5d8904bbe743efb2a05a4b0e1a6228,step_up,44.9,0.586,behaviour,,,183.2,55.3,11.9,0.3,35.0,7.9,
takeover,s010,0,sim-3a4491e81ac9071372285574340a2927,amount,16a12d0e87eb4d009648c5f7b003522a,step_up,98.93,0.9272,transaction,checkpoint,,165.3,53.0,22.5,0.4,21.7,8.2,
takeover,s010,0,sim-3a4491e81ac9071372285574340a2927,confirmation,cc4f02b97bb348df95d4f7661ef43710,block,99.39,0.9602,transaction,,blocked,222.0,120.5,12.8,0.4,71.5,8.5,27.0
takeover,s010,1,sim-3e51a1fe5296149c91de3959c71bb2c5,login,aaf3039cebaa42df9104c2e3a54e45e0,step_up,43.59,0.4053,behaviour,,,144.7,43.9,11.9,0.3,21.2,10.3,
takeover,s010,1,sim-3e51a1fe5296149c91de3959c71bb2c5,payee,3e923e0eb5de420ebc10f71766e3bc2e,step_up,64.61,0.586,behaviour,checkpoint,,186.8,61.1,12.0,20.3,20.4,8.1,
takeover,s010,1,sim-3e51a1fe5296149c91de3959c71bb2c5,amount,922b24fd31e54282a50a31ba3ed54fa8,step_up,99.54,0.9272,transaction,checkpoint,,225.4,52.5,22.9,0.4,21.2,7.9,
takeover,s010,1,sim-3e51a1fe5296149c91de3959c71bb2c5,confirmation,b73ba136b2094e60a4386c14863856c1,block,99.57,0.9602,transaction,,blocked,247.1,123.4,12.7,10.4,60.6,7.8,31.6
takeover,s010,2,sim-ecd57f129fef9a4a74d6d88470755601,login,024ef5d1838942fab38ce6cbf3703eeb,step_up,41.11,0.4053,behaviour,,,172.1,51.5,12.1,0.3,30.8,8.1,
takeover,s010,2,sim-ecd57f129fef9a4a74d6d88470755601,payee,403d4429be0546c889925f7dbf430efc,step_up,61.09,0.586,behaviour,,,154.5,52.4,12.4,0.3,31.2,8.3,
takeover,s010,2,sim-ecd57f129fef9a4a74d6d88470755601,amount,71442df5110a43eea290b052be4167e7,step_up,99.36,0.9272,transaction,checkpoint,,170.6,48.7,13.2,0.4,20.2,14.7,
takeover,s010,2,sim-ecd57f129fef9a4a74d6d88470755601,confirmation,a83c63dce0a7483c887eafb656ef0d55,block,99.58,0.9602,transaction,,blocked,264.7,140.8,13.3,0.4,83.9,8.1,34.9
takeover,s010,3,sim-130a95b626d79e5365a9debeae9a7c4c,login,070a2535de2b436b9b2951a031af31d5,monitor,36.36,0.4053,context,,,164.9,57.2,12.7,0.3,36.2,7.8,
takeover,s010,3,sim-130a95b626d79e5365a9debeae9a7c4c,payee,9859b3c13c2e4b59a4050f58062a8f52,step_up,52.97,0.586,behaviour,,,199.2,61.1,33.3,0.3,18.9,8.4,
takeover,s010,3,sim-130a95b626d79e5365a9debeae9a7c4c,amount,91db998024d4449bb20bd5b276092bf7,step_up,99.48,0.9272,transaction,checkpoint,,179.4,63.0,13.4,0.4,41.1,7.9,
takeover,s010,3,sim-130a95b626d79e5365a9debeae9a7c4c,confirmation,977faf124f1d4061957b5336d5b46062,block,99.74,0.9602,transaction,,blocked,231.5,130.1,14.2,0.4,75.1,9.4,30.7
takeover,s010,4,sim-a03d033833cd422674e3287c11ef0618,login,5e04699be86e4b0ea81f4605899a722a,step_up,40.69,0.4053,behaviour,,,170.0,65.2,12.9,0.3,41.4,10.4,
takeover,s010,4,sim-a03d033833cd422674e3287c11ef0618,payee,9693038d3cac45909045e46f102a4c29,step_up,59.17,0.586,behaviour,,,191.3,48.7,13.1,0.3,20.7,14.3,
takeover,s010,4,sim-a03d033833cd422674e3287c11ef0618,amount,13c4b31ec9a5487ba1629e93e95dff70,step_up,99.4,0.9272,transaction,checkpoint,,177.3,58.0,13.7,0.4,28.9,14.9,
takeover,s010,4,sim-a03d033833cd422674e3287c11ef0618,confirmation,846410926f594f2c8b6e23585ab33d7b,block,99.54,0.9602,transaction,,blocked,255.8,125.3,13.8,0.4,75.5,8.1,27.3
bot,s010,0,sim-51ace8c989a19129678219cdfe1bee3d,login,d31b2ad5feca46cca1b28c0423ab6180,step_up,94.33,0.4053,automation,friction_ceiling,,157.9,55.9,23.5,0.3,23.7,8.2,
bot,s010,0,sim-51ace8c989a19129678219cdfe1bee3d,payee,e548e9c0e4534d5aa403c3f8d97f5496,step_up,99.51,0.586,automation,friction_ceiling,,174.8,61.9,33.8,0.3,19.2,8.4,
bot,s010,0,sim-51ace8c989a19129678219cdfe1bee3d,amount,2edcbb5e66af4de9b2e50d24bca3babe,step_up,99.76,0.9272,automation,friction_ceiling,,166.0,60.9,26.3,0.4,25.9,8.1,
bot,s010,0,sim-51ace8c989a19129678219cdfe1bee3d,confirmation,eabe33e0902e40bc92d50792aaf205e2,step_up,99.85,0.9602,automation,friction_ceiling,awaiting_step_up,254.0,135.2,14.5,0.4,70.9,8.7,40.6
bot,s010,1,sim-b039c6a654ae87a16281fd8fc5b08744,login,6a31722ed82a46c2b3be680cd7cc4780,step_up,94.33,0.4053,automation,friction_ceiling,,157.9,57.0,13.6,0.3,35.4,7.5,
bot,s010,1,sim-b039c6a654ae87a16281fd8fc5b08744,payee,942edaa2b8fd4fc6a3cee4af3de384a2,step_up,99.51,0.586,automation,friction_ceiling,,161.5,58.7,13.9,0.3,35.7,8.6,
bot,s010,1,sim-b039c6a654ae87a16281fd8fc5b08744,amount,693938480b1a437c94328d61c5ebbae1,step_up,99.76,0.9272,automation,friction_ceiling,,170.7,61.6,24.8,0.4,21.9,14.3,
bot,s010,1,sim-b039c6a654ae87a16281fd8fc5b08744,confirmation,857a03fa7ae14891982f27a67fdfcec0,step_up,99.85,0.9602,automation,friction_ceiling,awaiting_step_up,251.5,147.0,36.7,0.4,58.4,19.7,31.5
bot,s010,2,sim-cfbcc5647d76c96cc004b26ef784449b,login,0773406e584643b8b4caf3de7186e173,step_up,94.33,0.4053,automation,friction_ceiling,,159.8,54.3,13.8,0.3,32.1,7.9,
bot,s010,2,sim-cfbcc5647d76c96cc004b26ef784449b,payee,76e5e83713e544779969b5750c865ba7,step_up,99.51,0.586,automation,friction_ceiling,,176.1,62.2,33.8,0.3,19.5,8.3,
bot,s010,2,sim-cfbcc5647d76c96cc004b26ef784449b,amount,0e624eb823b24911bec99ba6977432df,step_up,99.76,0.9272,automation,friction_ceiling,,187.8,57.2,24.3,0.4,23.7,8.5,
bot,s010,2,sim-cfbcc5647d76c96cc004b26ef784449b,confirmation,97a75fd7c3bd41c2b8bc15f170a596cf,step_up,99.85,0.9602,automation,friction_ceiling,awaiting_step_up,250.1,128.5,25.5,0.4,57.0,19.7,25.6
bot,s010,3,sim-8f3106e8001f9b69c2d80c128acfc8a7,login,3f582f450978408b84e6a96033c2cc6a,step_up,94.33,0.4053,automation,friction_ceiling,,181.1,62.5,13.7,0.3,40.5,7.7,
bot,s010,3,sim-8f3106e8001f9b69c2d80c128acfc8a7,payee,d802911bd50a4e1ca6a9368aa0a59d18,step_up,99.51,0.586,automation,friction_ceiling,,159.8,56.0,13.8,0.3,33.8,7.8,
bot,s010,3,sim-8f3106e8001f9b69c2d80c128acfc8a7,amount,5e626e6bd21c42e49bfb4d3db2d9544e,step_up,99.76,0.9272,automation,friction_ceiling,,189.0,61.8,13.9,0.4,39.3,8.0,
bot,s010,3,sim-8f3106e8001f9b69c2d80c128acfc8a7,confirmation,b8ae806207fa4bde9dc5eb24fab16977,step_up,99.85,0.9602,automation,friction_ceiling,awaiting_step_up,240.0,138.1,24.4,0.4,75.5,8.7,28.9
bot,s010,4,sim-14675d762dd51237d037a1c6212b10a2,login,49ce3a57a3c8466792c1d9c9c5d213f5,step_up,94.33,0.4053,automation,friction_ceiling,,157.0,55.2,23.9,0.3,22.4,8.3,
bot,s010,4,sim-14675d762dd51237d037a1c6212b10a2,payee,737fa7abd7aa49e68a39cec09793a68a,step_up,99.51,0.586,automation,friction_ceiling,,173.5,63.6,14.0,0.3,41.1,8.0,
bot,s010,4,sim-14675d762dd51237d037a1c6212b10a2,amount,38069463beb54475a9cf74d729b94305,step_up,99.76,0.9272,automation,friction_ceiling,,205.1,55.7,24.0,0.4,23.8,7.2,
bot,s010,4,sim-14675d762dd51237d037a1c6212b10a2,confirmation,7005e223a1ba4b9fb4f5cbfcbcb136a5,step_up,99.85,0.9602,automation,friction_ceiling,awaiting_step_up,238.0,135.0,24.5,0.4,59.2,19.6,31.1
replay,s010,0,sim-675ddcb1c9e953d753dceef2a6e9b76b,login,90884043baf84d71ba6372c74a607be8,step_up,92.26,0.4053,automation,friction_ceiling,,157.0,52.1,23.6,0.3,19.7,8.2,
replay,s010,0,sim-675ddcb1c9e953d753dceef2a6e9b76b,payee,6a0c8508c8e14514b9616d52ae76b3a7,step_up,99.32,0.586,automation,friction_ceiling,,177.4,61.5,33.9,0.4,19.6,7.5,
replay,s010,0,sim-675ddcb1c9e953d753dceef2a6e9b76b,amount,4b1b687828974a51a2a06a9cb1476e02,step_up,99.59,0.9272,automation,friction_ceiling,,172.7,67.2,34.4,0.4,22.6,9.7,
replay,s010,0,sim-675ddcb1c9e953d753dceef2a6e9b76b,confirmation,6dc83c886c7d47b9a2cc4f55b6aedd96,step_up,99.63,0.9602,automation,friction_ceiling,awaiting_step_up,255.3,132.8,14.7,0.4,83.0,9.4,25.0
replay,s010,1,sim-3a524508e9a15d6be23e6b3e63f234f3,login,d80e48ee17d547b0af1b0ecc4c5bea63,step_up,90.42,0.4053,automation,friction_ceiling,,178.2,51.6,14.4,0.3,28.9,7.8,
replay,s010,1,sim-3a524508e9a15d6be23e6b3e63f234f3,payee,cda1d70515d54ea3922019a0d8c9b1ba,step_up,97.6,0.586,automation,friction_ceiling,,158.8,57.1,24.1,0.4,25.2,7.2,
replay,s010,1,sim-3a524508e9a15d6be23e6b3e63f234f3,amount,eeb87b6d25a346ebae2b7e9e24de7676,step_up,97.15,0.9272,automation,friction_ceiling,,180.4,58.8,14.9,10.4,25.7,7.5,
replay,s010,1,sim-3a524508e9a15d6be23e6b3e63f234f3,confirmation,02674cb358e04ff3a216708b6418bc3f,step_up,96.77,0.9602,automation,friction_ceiling,awaiting_step_up,246.5,137.8,15.0,0.5,71.8,19.8,30.6
replay,s010,2,sim-ff2c5b3a3c39642fa31e415bfe3d2941,login,9b000adadde44407b599b16b552ce86e,step_up,88.36,0.4053,automation,friction_ceiling,,268.5,55.6,14.6,0.3,32.8,7.7,
replay,s010,2,sim-ff2c5b3a3c39642fa31e415bfe3d2941,payee,742f7b1a9661425982675aa87a475094,step_up,97.75,0.586,automation,friction_ceiling,,191.1,60.7,24.7,0.4,20.5,15.0,
replay,s010,2,sim-ff2c5b3a3c39642fa31e415bfe3d2941,amount,1bc091c924f94329ac6269a77f067301,step_up,97.86,0.9272,automation,friction_ceiling,,173.0,63.0,15.3,0.4,39.7,7.4,
replay,s010,2,sim-ff2c5b3a3c39642fa31e415bfe3d2941,confirmation,fd6c9f1b85f94f40b09a2df495ce8160,step_up,98.21,0.9602,automation,friction_ceiling,awaiting_step_up,271.6,154.9,15.3,0.4,94.3,8.1,36.5
replay,s010,3,sim-d4b5af8b492cf8031cfa3ff565e69b14,login,3c797c93a44e4aada4b157b4aaf5bbfc,step_up,89.8,0.4053,automation,friction_ceiling,,168.5,62.9,14.9,0.3,39.3,8.2,
replay,s010,3,sim-d4b5af8b492cf8031cfa3ff565e69b14,payee,ac5ed1c4b47f4bac8f046ba85478a8ef,step_up,98.3,0.586,automation,friction_ceiling,,165.9,57.9,14.8,0.4,28.0,14.5,
replay,s010,3,sim-d4b5af8b492cf8031cfa3ff565e69b14,amount,0ba3a2c7a8a24693af330203ccedcbc4,step_up,97.43,0.9272,automation,friction_ceiling,,173.4,67.5,35.6,0.5,23.2,8.0,
replay,s010,3,sim-d4b5af8b492cf8031cfa3ff565e69b14,confirmation,cc65c1b8298f4df698c0b7e988ac8653,step_up,97.11,0.9602,automation,friction_ceiling,awaiting_step_up,255.6,150.0,25.8,0.4,73.9,19.6,30.1
replay,s010,4,sim-4a9ac9211d856d1bbc8e080b3296aab3,login,9ecff39235c349cd98878437ee7f00b5,step_up,89.84,0.4053,automation,friction_ceiling,,174.3,65.8,15.4,0.3,41.7,8.2,
replay,s010,4,sim-4a9ac9211d856d1bbc8e080b3296aab3,payee,90f7b6a53ff9421a96ed6860e01214c8,step_up,97.79,0.586,automation,friction_ceiling,,211.2,74.8,15.9,0.4,42.2,16.1,
replay,s010,4,sim-4a9ac9211d856d1bbc8e080b3296aab3,amount,8cfb0d5fac9845c6a69c583f67d4d05c,step_up,97.81,0.9272,automation,friction_ceiling,,205.1,65.2,16.4,0.4,38.7,9.4,
replay,s010,4,sim-4a9ac9211d856d1bbc8e080b3296aab3,confirmation,c65e8d60f33e4076a950190ab14dd83d,step_up,96.57,0.9602,automation,friction_ceiling,awaiting_step_up,253.1,151.9,15.9,0.4,101.4,7.6,26.3
poisoning,s010,0,sim-ea4db0c7a581cf0d670d33b7a359c000,login,295648d2a7304505a7cdc4bdd1ca6e40,allow,18.1,0.4053,behaviour,,,185.0,56.3,18.7,0.3,23.0,14.0,
poisoning,s010,0,sim-ea4db0c7a581cf0d670d33b7a359c000,payee,eb6fc4c8971c46c68db9ca5a40707d36,allow,20.58,0.586,behaviour,,,178.3,72.3,36.0,0.4,25.0,10.6,
poisoning,s010,0,sim-ea4db0c7a581cf0d670d33b7a359c000,amount,81859ceddfdf4c749c0c086ebd755064,monitor,30.67,0.9272,behaviour,,,197.2,56.1,25.8,0.4,22.1,7.5,
poisoning,s010,0,sim-ea4db0c7a581cf0d670d33b7a359c000,confirmation,dd7e086a8b37451e8e7103afc058d77f,step_up,37.36,0.9602,behaviour,,awaiting_step_up,289.5,162.4,36.0,0.5,87.1,7.7,30.9
poisoning,s010,1,sim-ebc8d47cac9d668d4943dd353524638d,login,9fe6415d63414fdcb17d6e9138b875db,monitor,29.78,0.4053,behaviour,,,173.1,53.2,15.8,0.3,21.9,14.9,
poisoning,s010,1,sim-ebc8d47cac9d668d4943dd353524638d,payee,17bf3fddb52d45bc90688e68fc074e5e,step_up,38.98,0.586,behaviour,,,193.7,56.1,18.3,0.4,29.9,7.2,
poisoning,s010,1,sim-ebc8d47cac9d668d4943dd353524638d,amount,3f329d65a5e641f4b6f4e58adf061b03,step_up,42.09,0.9272,behaviour,,,179.9,70.0,36.4,0.5,25.3,7.5,
poisoning,s010,1,sim-ebc8d47cac9d668d4943dd353524638d,confirmation,90dcada667a7477fa66be9bcfec00549,step_up,42.29,0.9602,behaviour,,awaiting_step_up,271.8,146.2,26.8,0.5,73.9,19.8,25.0
poisoning,s010,2,sim-b59968d44a8bc93074718b3622021cf6,login,29f01b6256164d96bc64721e3fa17eed,monitor,27.91,0.4053,behaviour,,,188.6,58.4,26.2,0.4,23.0,8.5,
poisoning,s010,2,sim-b59968d44a8bc93074718b3622021cf6,payee,d46a75a5e6bc47b78e33200803acc3e1,step_up,39.25,0.586,behaviour,,,214.6,67.1,16.5,0.4,41.1,8.9,
poisoning,s010,2,sim-b59968d44a8bc93074718b3622021cf6,amount,dc3882274d3647078e7564012ce28385,step_up,47.68,0.9272,behaviour,,,211.0,64.7,27.2,0.5,22.6,14.2,
poisoning,s010,2,sim-b59968d44a8bc93074718b3622021cf6,confirmation,bd9567244d434e36b4d11740dad88158,step_up,51.44,0.9602,behaviour,,awaiting_step_up,300.0,179.8,18.5,0.5,111.4,18.8,30.4
poisoning,s010,3,sim-32d2fed8d16118734251444815de507f,login,cebd7450142542c89a6f9675b0bb39cf,allow,22.32,0.4053,behaviour,,,178.7,70.9,16.8,0.4,39.1,14.4,
poisoning,s010,3,sim-32d2fed8d16118734251444815de507f,payee,d4cd29cae999413687d20364eca84722,monitor,32.1,0.586,behaviour,,,182.2,74.4,37.1,0.4,22.2,14.4,
poisoning,s010,3,sim-32d2fed8d16118734251444815de507f,amount,038554f6a93941739d5346342afca105,step_up,46.5,0.9272,behaviour,,,196.9,76.9,38.1,0.4,23.6,14.5,
poisoning,s010,3,sim-32d2fed8d16118734251444815de507f,confirmation,c9ad0637606942c5bfdf77528d7955fe,step_up,46.25,0.9602,behaviour,,awaiting_step_up,300.5,173.1,38.2,0.5,89.6,9.2,35.4
poisoning,s010,4,sim-f1a8360834611103d1d5bb7b43343818,login,1671c69478e049f2a6064e54d38ea02e,allow,21.91,0.4053,behaviour,,,275.2,69.7,37.2,0.4,23.8,8.1,
poisoning,s010,4,sim-f1a8360834611103d1d5bb7b43343818,payee,7af7e5c8e6004e53becd1b3f9d15d9a7,monitor,30.9,0.586,behaviour,,,302.3,105.6,27.8,0.4,24.2,52.9,
poisoning,s010,4,sim-f1a8360834611103d1d5bb7b43343818,amount,9f70d8726fb94b37a61d0c1dc80ac5da,step_up,41.9,0.9272,behaviour,,,262.9,74.8,28.2,0.5,37.4,8.5,
poisoning,s010,4,sim-f1a8360834611103d1d5bb7b43343818,confirmation,3fb9e6f2370a4fa5b7f36716d013c676,step_up,45.5,0.9602,behaviour,,awaiting_step_up,346.6,180.9,38.5,0.5,94.1,8.7,38.8
genuine,s011,0,sim-fd6ec7bad530e82c886a0f97948a68d5,login,ea5524c01c9b4b30be150fe9d46d9b19,allow,17.62,0.4053,behaviour,,,323.2,81.8,11.0,0.2,17.8,52.5,
genuine,s011,0,sim-fd6ec7bad530e82c886a0f97948a68d5,payee,cfed6bda096c440eb6d90faebbf56893,allow,19.91,0.586,behaviour,,,155.9,43.7,10.8,0.3,22.4,10.0,
genuine,s011,0,sim-fd6ec7bad530e82c886a0f97948a68d5,amount,1102646cad414610afae73b1d4000482,monitor,25.56,0.9272,behaviour,,,164.0,42.5,10.5,0.3,24.0,7.4,
genuine,s011,0,sim-fd6ec7bad530e82c886a0f97948a68d5,confirmation,c6eb8b775b0248c4bc14353e03099cb4,monitor,30.23,0.9602,behaviour,,processing,225.9,102.6,10.6,0.4,52.1,7.2,32.1
genuine,s011,1,sim-cf8ff78425af7d2c214527e91bead0fe,login,b9f8018088a3446182b4e51090837f21,monitor,23.26,0.4053,behaviour,,,148.0,41.8,10.2,0.2,23.0,8.1,
genuine,s011,1,sim-cf8ff78425af7d2c214527e91bead0fe,payee,d35be0f897be420bab501aa596354475,monitor,26.56,0.586,behaviour,,,152.4,45.8,10.6,0.3,20.0,14.7,
genuine,s011,1,sim-cf8ff78425af7d2c214527e91bead0fe,amount,494419086fcd4197a0bc6955df00ae40,monitor,32.28,0.9272,behaviour,,,167.6,44.0,11.1,0.3,24.6,7.8,
genuine,s011,1,sim-cf8ff78425af7d2c214527e91bead0fe,confirmation,b909f282971444878f3dd4c34bb6c422,monitor,30.16,0.9602,behaviour,,processing,267.1,99.4,11.4,0.4,52.9,8.0,26.5
genuine,s011,2,sim-5afbcd5eff2fd5f9ebbb9215dcdc1f3d,login,b4ab0759e8354f50abdd53fb41d76b53,allow,23.03,0.4053,behaviour,,,175.2,51.6,21.0,0.3,22.8,7.3,
genuine,s011,2,sim-5afbcd5eff2fd5f9ebbb9215dcdc1f3d,payee,9f2f8243320b4bebbc540c40b55287ff,monitor,28.0,0.586,behaviour,,,157.0,50.2,21.5,0.3,19.8,8.3,
genuine,s011,2,sim-5afbcd5eff2fd5f9ebbb9215dcdc1f3d,amount,21fe940f0a9c428296d1c5c5305afbac,monitor,32.23,0.9272,behaviour,,,180.6,60.2,13.3,0.4,37.5,8.8,
genuine,s011,2,sim-5afbcd5eff2fd5f9ebbb9215dcdc1f3d,confirmation,f9485f9043e54469b1fe0df8e2156b9d,monitor,34.89,0.9602,behaviour,,processing,286.9,104.4,11.4,0.4,58.2,7.8,26.4
genuine,s011,3,sim-a340a5a6c2f0b07a510298f53151d943,login,db28af72e5d24d9997333443e7b4c4ec,allow,19.62,0.4053,behaviour,,,183.6,45.1,11.1,0.3,18.9,14.6,
genuine,s011,3,sim-a340a5a6c2f0b07a510298f53151d943,payee,ac3807879b1b4280bf8b659d3010128e,monitor,24.77,0.586,behaviour,,,154.6,51.3,11.6,0.3,30.8,8.4,
genuine,s011,3,sim-a340a5a6c2f0b07a510298f53151d943,amount,c9b91f02965d414fa6085941c5782028,monitor,30.22,0.9272,behaviour,,,176.3,48.6,11.8,0.3,29.2,7.0,
genuine,s011,3,sim-a340a5a6c2f0b07a510298f53151d943,confirmation,13bd4e1bb0ff43acaa4e1e4f4e1908ca,monitor,32.17,0.9602,behaviour,,processing,283.1,128.6,12.0,20.5,40.4,19.8,35.7
genuine,s011,4,sim-bbdc036f8d54266ad4f5666aaca74989,login,89c3ca547960480dbb757b3a60beb3c1,allow,18.76,0.4053,behaviour,,,189.7,53.9,12.2,0.3,32.9,8.3,
genuine,s011,4,sim-bbdc036f8d54266ad4f5666aaca74989,payee,bb403ecf99fd4fbb8778d82c4bdedea9,allow,20.57,0.586,behaviour,,,154.1,53.4,12.1,0.3,31.7,9.1,
genuine,s011,4,sim-bbdc036f8d54266ad4f5666aaca74989,amount,bec209d060ff4803adda07cc3495ee9e,monitor,23.41,0.9272,behaviour,,,168.7,59.5,12.3,0.4,38.9,7.7,
genuine,s011,4,sim-bbdc036f8d54266ad4f5666aaca74989,confirmation,92bb37efe22f40bebbf69e644f31812a,monitor,24.57,0.9602,behaviour,,processing,248.2,119.2,16.3,0.4,65.4,8.1,28.9
takeover,s011,0,sim-30514a032b88c39100838771a464c083,login,0942d6c067584a9599589d7d6099b26f,monitor,25.1,0.4053,context,,,161.3,54.4,13.3,0.3,31.5,9.1,
takeover,s011,0,sim-30514a032b88c39100838771a464c083,payee,46b4b6bf6d694b508d825a67e00a751f,monitor,24.85,0.586,context,,,209.8,61.5,32.4,0.3,18.7,10.0,
takeover,s011,0,sim-30514a032b88c39100838771a464c083,amount,49f0258d0c5047eaa53d681939d82cdd,step_up,94.23,0.9272,transaction,checkpoint,,181.0,59.3,13.3,0.4,37.4,8.1,
takeover,s011,0,sim-30514a032b88c39100838771a464c083,confirmation,b4624025b7584d05afbba98be6aa043a,block,94.74,0.9602,transaction,,blocked,228.7,120.2,23.2,0.4,56.9,7.9,31.5
takeover,s011,1,sim-c409dd9404aed1ed6f3d2b2eb3ae6d4a,login,562a1493e6604cb7bc44186ee106cf6c,monitor,32.88,0.4053,context,,,160.8,52.2,32.3,0.3,10.7,8.8,
takeover,s011,1,sim-c409dd9404aed1ed6f3d2b2eb3ae6d4a,payee,e9b7da0a75fd431fac2d628d8b570e17,monitor,34.3,0.586,context,,,186.9,60.7,32.3,0.3,20.0,7.8,
takeover,s011,1,sim-c409dd9404aed1ed6f3d2b2eb3ae6d4a,amount,e9957c53e9634ab9a2e8e4bd15444580,step_up,96.64,0.9272,transaction,checkpoint,,163.4,59.8,32.8,0.4,18.3,8.1,
takeover,s011,1,sim-c409dd9404aed1ed6f3d2b2eb3ae6d4a,confirmation,7efe95174f694a4a99911d9455a7f403,block,96.92,0.9602,transaction,,blocked,250.0,135.8,13.7,0.4,80.9,7.5,33.0
takeover,s011,2,sim-d6c62a0df354071ab038d6df6f4a3f0f,login,0380578e85084faebdcf143897849b24,monitor,30.41,0.4053,context,,,172.0,55.0,22.5,0.3,23.3,8.7,
takeover,s011,2,sim-d6c62a0df354071ab038d6df6f4a3f0f,payee,fed32d1e564f407a8f89cdb10793086d,monitor,30.99,0.586,context,,,154.1,52.3,14.7,0.3,27.7,9.3,
takeover,s011,2,sim-d6c62a0df354071ab038d6df6f4a3f0f,amount,35ab4544ebf44c86b5cac652405df2cd,step_up,95.45,0.9272,transaction,checkpoint,,181.6,65.0,14.0,0.4,41.5,9.0,
takeover,s011,2,sim-d6c62a0df354071ab038d6df6f4a3f0f,confirmation,f721b8f58d2c4df2b04bb5370ac213d3,block,95.4,0.9602,transaction,,blocked,227.5,122.6,13.5,0.4,73.3,7.4,27.7
takeover,s011,3,sim-17a5797b35d46bcc5344cea77bf66ec5,login,4d807cfc9b1e4fb3a977022768ec38cc,monitor,29.2,0.4053,context,,,168.6,62.4,12.6,0.3,41.5,7.7,
takeover,s011,3,sim-17a5797b35d46bcc5344cea77bf66ec5,payee,3c583da6d7104f7ab5f18a19112d3878,monitor,31.04,0.586,context,,,183.3,54.8,13.0,0.3,33.1,8.2,
takeover,s011,3,sim-17a5797b35d46bcc5344cea77bf66ec5,amount,d5083a69bb634fa3b4d23f4a9da35d84,step_up,96.3,0.9272,transaction,checkpoint,,181.2,63.3,14.0,0.4,41.1,7.6,
takeover,s011,3,sim-17a5797b35d46bcc5344cea77bf66ec5,confirmation,7c46710f20514ffbae088cf73561e53f,block,96.12,0.9602,transaction,,blocked,241.3,116.7,23.7,0.4,58.4,7.6,26.4
takeover,s011,4,sim-0fb8dacc814b16512056cf1651b938af,login,7518383288674a8d866665994bf1d821,monitor,29.75,0.4053,context,,,159.5,54.4,23.7,0.3,21.6,8.6,
takeover,s011,4,sim-0fb8dacc814b16512056cf1651b938af,payee,c89a7304d0044ee7937dd8c5816af405,monitor,29.56,0.586,context,,,185.9,59.0,23.6,0.4,20.1,14.7,
takeover,s011,4,sim-0fb8dacc814b16512056cf1651b938af,amount,03848ffe3aa048fd800b30c6202e56ce,step_up,96.34,0.9272,transaction,checkpoint,,169.0,58.7,13.8,0.4,36.7,7.6,
takeover,s011,4,sim-0fb8dacc814b16512056cf1651b938af,confirmation,a77552d4c4e84a5f9214ea30107afef5,block,96.77,0.9602,transaction,,blocked,256.6,143.5,14.6,0.4,81.4,19.7,27.0
bot,s011,0,sim-d8726f3f9abac381a33b0ea52d2da938,login,24f15872846043b3ab11a77203ae1a14,step_up,92.76,0.4053,automation,friction_ceiling,,182.1,57.7,13.9,0.3,34.8,8.4,
bot,s011,0,sim-d8726f3f9abac381a33b0ea52d2da938,payee,5090ab5946a94a40ab913e6306b750e2,step_up,99.17,0.586,automation,friction_ceiling,,185.1,55.8,24.4,0.4,23.0,7.9,
bot,s011,0,sim-d8726f3f9abac381a33b0ea52d2da938,amount,5781ebbfa04e4e0ba8cfed076ea7acef,step_up,99.47,0.9272,automation,friction_ceiling,,179.3,65.9,14.6,0.4,42.6,8.0,
bot,s011,0,sim-d8726f3f9abac381a33b0ea52d2da938,confirmation,683196e7cd3d4ac2abae760e1eba9801,step_up,99.61,0.9602,automation,friction_ceiling,awaiting_step_up,240.3,131.1,24.9,0.4,59.1,19.6,26.8
bot,s011,1,sim-2a51e5b09f537074f44fe12802de3519,login,1d0b33e45f0046f3a11c72cf2286beb5,step_up,92.76,0.4053,automation,friction_ceiling,,157.4,52.6,25.2,0.3,19.6,7.2,
bot,s011,1,sim-2a51e5b09f537074f44fe12802de3519,payee,7adde6405919470f9cef582dc5d2f58c,step_up,99.17,0.586,automation,friction_ceiling,,186.9,54.4,14.1,0.3,31.6,8.1,
bot,s011,1,sim-2a51e5b09f537074f44fe12802de3519,amount,3a2059b3b550460ebcb8bef97d85d065,step_up,99.47,0.9272,automation,friction_ceiling,,173.9,66.3,34.4,0.4,23.0,8.3,
bot,s011,1,sim-2a51e5b09f537074f44fe12802de3519,confirmation,34f5e5b550394bfc85a70e3ec9053fcb,step_up,99.61,0.9602,automation,friction_ceiling,awaiting_step_up,321.4,220.2,24.6,0.4,148.8,19.8,26.3
bot,s011,2,sim-b1a1438804f57c5ec524340b3eea9dca,login,f99a1486f554404e9344c10a4f49dd56,step_up,92.76,0.4053,automation,friction_ceiling,,174.7,54.3,13.6,0.3,31.5,8.6,
bot,s011,2,sim-b1a1438804f57c5ec524340b3eea9dca,payee,1dee57a3a1dd40f1b24e7b4565639af6,step_up,99.17,0.586,automation,friction_ceiling,,158.3,56.3,13.7,0.3,33.3,8.7,
bot,s011,2,sim-b1a1438804f57c5ec524340b3eea9dca,amount,f9df960fb9964342b13fc2c073069bb9,step_up,99.47,0.9272,automation,friction_ceiling,,187.7,72.1,14.0,0.4,46.3,11.2,
bot,s011,2,sim-b1a1438804f57c5ec524340b3eea9dca,confirmation,6d52971cbbaf4c7da4ad2f464afca5d2,step_up,99.61,0.9602,automation,friction_ceiling,awaiting_step_up,273.6,141.7,34.7,0.4,56.8,19.8,29.7
bot,s011,3,sim-8935d467b92d2fafccfc5fac6598ae11,login,29ba2d75a4f140768c6278a9242637ec,step_up,92.76,0.4053,automation,friction_ceiling,,177.8,56.3,13.3,0.3,33.8,8.6,
bot,s011,3,sim-8935d467b92d2fafccfc5fac6598ae11,payee,85ec7920cfc6486da2589bd65c90ce92,step_up,99.17,0.586,automation,friction_ceiling,,159.4,56.3,14.1,0.3,33.9,7.7,
bot,s011,3,sim-8935d467b92d2fafccfc5fac6598ae11,amount,32a3198a8f034746b089c074d0e0a079,step_up,99.47,0.9272,automation,friction_ceiling,,196.6,72.8,14.1,0.4,49.5,8.5,
bot,s011,3,sim-8935d467b92d2fafccfc5fac6598ae11,confirmation,b6757b37583643d083d33c076c6c5d46,step_up,99.61,0.9602,automation,friction_ceiling,awaiting_step_up,240.7,138.2,36.2,0.4,56.7,19.9,24.7
bot,s011,4,sim-e21288917e671cbaa13b2b1107775aed,login,ddc1f4b9f5bf40a2bdccd953e299cab0,step_up,92.76,0.4053,automation,friction_ceiling,,182.5,54.6,27.5,0.3,18.2,8.4,
bot,s011,4,sim-e21288917e671cbaa13b2b1107775aed,payee,8e72a087dfc741d39b58815fc19be31d,step_up,99.17,0.586,automation,friction_ceiling,,179.8,64.5,13.6,0.3,42.5,7.8,
bot,s011,4,sim-e21288917e671cbaa13b2b1107775aed,amount,865158c550cb45118f1c14d3d6a2ee90,step_up,99.47,0.9272,automation,friction_ceiling,,166.1,61.1,15.1,0.4,37.0,8.4,
bot,s011,4,sim-e21288917e671cbaa13b2b1107775aed,confirmation,8ccd0048eb094776aeb1de874f07115d,step_up,99.61,0.9602,automation,friction_ceiling,awaiting_step_up,232.7,132.1,24.5,0.4,59.7,19.7,27.5
replay,s011,0,sim-20789470bad75a80729b361d47e3a0d2,login,15a8b92e9038445e92378cbd0f5075a0,step_up,88.82,0.4053,automation,friction_ceiling,,160.9,57.0,16.5,0.3,31.5,8.4,
replay,s011,0,sim-20789470bad75a80729b361d47e3a0d2,payee,de1c01823aa04943928c31ad3c73575e,step_up,97.56,0.586,automation,friction_ceiling,,159.0,51.3,24.0,0.4,18.1,8.7,
replay,s011,0,sim-20789470bad75a80729b361d47e3a0d2,amount,44a691ff4079420f83556c2560388ea2,step_up,97.27,0.9272,automation,friction_ceiling,,952.3,60.5,14.4,0.4,37.5,7.9,
replay,s011,0,sim-20789470bad75a80729b361d47e3a0d2,confirmation,54a0b68d03f24fc5af5c43a0b352cd64,step_up,96.96,0.9602,automation,friction_ceiling,awaiting_step_up,236.2,125.5,14.6,0.4,72.6,7.7,29.9
replay,s011,1,sim-897c2e585e6cc280f4b97689f5745559,login,135ca5b105f646f880309d6eafc0fa46,step_up,92.45,0.4053,automation,friction_ceiling,,170.2,51.7,23.7,0.3,19.5,8.0,
replay,s011,1,sim-897c2e585e6cc280f4b97689f5745559,payee,ba5c2aa6adba4a5fa8eb225ce4f9a4f6,step_up,98.82,0.586,automation,friction_ceiling,,160.8,51.5,24.1,0.4,18.1,8.9,
replay,s011,1,sim-897c2e585e6cc280f4b97689f5745559,amount,1a1522945e034f8597ace5df86aeb7f5,step_up,99.18,0.9272,automation,friction_ceiling,,185.2,67.8,34.4,0.4,24.7,8.0,
replay,s011,1,sim-897c2e585e6cc280f4b97689f5745559,confirmation,caa14d4211e74c11a949d85acfe4c143,step_up,99.06,0.9602,automation,friction_ceiling,awaiting_step_up,250.6,135.1,14.5,0.4,74.4,19.9,25.6
replay,s011,2,sim-1a3d49c2706ce8cb1b81e6d0fab74a4f,login,e78e75a36baf4448a177adf711241a7c,step_up,89.11,0.4053,automation,friction_ceiling,,173.9,67.4,14.6,0.3,19.1,33.1,
replay,s011,2,sim-1a3d49c2706ce8cb1b81e6d0fab74a4f,payee,1880a2fae0a74f3dbfc7f63f754037d0,step_up,97.62,0.586,automation,friction_ceiling,,174.1,56.8,24.5,0.4,24.6,7.1,
replay,s011,2,sim-1a3d49c2706ce8cb1b81e6d0fab74a4f,amount,27c3c6d7b27d445380b01401b515d35d,step_up,97.94,0.9272,automation,friction_ceiling,,257.9,57.4,24.4,0.4,24.9,7.5,
replay,s011,2,sim-1a3d49c2706ce8cb1b81e6d0fab74a4f,confirmation,e209291a11eb4259a3aa9aed7094feca,step_up,97.72,0.9602,automation,friction_ceiling,awaiting_step_up,276.3,135.8,14.9,0.4,71.4,19.9,29.0
replay,s011,3,sim-31dd683286dcb012bdee8f2076f0f7b6,login,b6fccdaaf98f4cbdb51f961cbf302548,step_up,88.66,0.4053,automation,friction_ceiling,,199.8,57.9,14.4,0.3,35.6,7.4,
replay,s011,3,sim-31dd683286dcb012bdee8f2076f0f7b6,payee,6bfdc7a04d6c4e8d81d99c0942ad904e,step_up,97.88,0.586,automation,friction_ceiling,,210.6,61.7,25.0,0.4,21.6,14.5,
replay,s011,3,sim-31dd683286dcb012bdee8f2076f0f7b6,amount,751d7e996869459980a47d282121008b,step_up,97.62,0.9272,automation,friction_ceiling,,174.8,70.4,15.1,20.5,25.7,8.9,
replay,s011,3,sim-31dd683286dcb012bdee8f2076f0f7b6,confirmation,7a1eba3c99b2418fb9cb5f3a00acf518,step_up,97.08,0.9602,automation,friction_ceiling,awaiting_step_up,273.6,157.4,15.4,0.5,102.2,8.0,31.2
replay,s011,4,sim-c8e5dc2e6433ba867d9c332c3fda3fc3,login,6eea5193d9084ddea604f475b19fce49,step_up,87.84,0.4053,automation,friction_ceiling,,196.5,59.4,25.0,0.4,19.1,14.8,
replay,s011,4,sim-c8e5dc2e6433ba867d9c332c3fda3fc3,payee,bb152e51c04a4ad48f550018e6c88fd4,step_up,97.42,0.586,automation,friction_ceiling,,227.8,69.1,35.2,0.4,25.5,7.8,
replay,s011,4,sim-c8e5dc2e6433ba867d9c332c3fda3fc3,amount,d8a3164e029d43a6af079991efe05f5c,step_up,96.6,0.9272,automation,friction_ceiling,,179.9,67.1,35.9,0.4,23.0,7.6,
replay,s011,4,sim-c8e5dc2e6433ba867d9c332c3fda3fc3,confirmation,c2c9238785e8425ca4a50e9ebbf47a14,step_up,96.4,0.9602,automation,friction_ceiling,awaiting_step_up,258.1,147.0,26.3,0.5,73.7,19.7,26.6
poisoning,s011,0,sim-03a7cbd47c5b98b4f1fb6795dd327f18,login,d248ee12047340a98f1880a639f3493e,allow,17.16,0.4053,behaviour,,,167.6,61.4,18.1,0.3,28.3,14.4,
poisoning,s011,0,sim-03a7cbd47c5b98b4f1fb6795dd327f18,payee,e629d45c1cfc400db181ac8340e660df,allow,19.3,0.586,behaviour,,,177.1,61.3,25.7,0.4,23.3,11.7,
poisoning,s011,0,sim-03a7cbd47c5b98b4f1fb6795dd327f18,amount,c5b5f8f36c6643eea8d97dd48605ea87,allow,21.32,0.9272,behaviour,,,177.4,55.8,26.1,0.4,21.3,7.7,
poisoning,s011,0,sim-03a7cbd47c5b98b4f1fb6795dd327f18,confirmation,a47ad811eeb44bfdb08a3b1bae05f345,monitor,24.26,0.9602,behaviour,,processing,297.5,168.4,36.2,0.5,86.9,7.9,36.7
poisoning,s011,1,sim-ed3050f79cd283620374a32d4fae0219,login,bb66a7002d5d46a1963fa533d769b5b6,allow,23.18,0.4053,behaviour,,,200.8,65.4,32.9,0.4,23.0,8.8,
poisoning,s011,1,sim-ed3050f79cd283620374a32d4fae0219,payee,b64aa6447d8540e5b5e89fef05c3777c,monitor,26.46,0.586,behaviour,,,180.5,71.5,16.0,20.5,26.3,8.5,
poisoning,s011,1,sim-ed3050f79cd283620374a32d4fae0219,amount,4df3201ac81b42ec9a886b8dc68258f4,monitor,30.44,0.9272,behaviour,,,212.2,68.2,26.8,0.4,33.0,7.8,
poisoning,s011,1,sim-ed3050f79cd283620374a32d4fae0219,confirmation,2a227d4ee99e4201b2eadf306808c1b8,monitor,31.6,0.9602,behaviour,,processing,326.0,167.5,37.1,0.5,86.1,12.9,30.6
poisoning,s011,2,sim-7db3efbc1162365936add1ed99bb3050,login,b61055b8c9fd482b92393e5735aedf07,allow,21.69,0.4053,behaviour,,,199.8,67.5,35.9,0.4,23.3,7.7,
poisoning,s011,2,sim-7db3efbc1162365936add1ed99bb3050,payee,dd961e1b54c6470b8ce45e16eb12fecf,monitor,24.85,0.586,behaviour,,,178.0,70.0,16.3,0.4,46.0,7.2,
poisoning,s011,2,sim-7db3efbc1162365936add1ed99bb3050,amount,e715df2b156b428b80bfa89f6a2c7315,monitor,24.99,0.9272,behaviour,,,193.1,69.6,26.8,0.4,34.0,8.1,
poisoning,s011,2,sim-7db3efbc1162365936add1ed99bb3050,confirmation,a1e75a160e7344f79377dd69da1cd1b8,monitor,25.64,0.9602,behaviour,,processing,385.0,165.9,37.7,0.5,91.4,8.6,27.4
poisoning,s011,3,sim-6ba6afc0f605a14e4fe39b26428526c0,login,630e70bae8614b49a589a2dbabd50869,allow,19.78,0.4053,behaviour,,,163.7,58.0,26.4,0.4,22.7,8.3,
poisoning,s011,3,sim-6ba6afc0f605a14e4fe39b26428526c0,payee,7349ce87ee9946249afedfdacb08eff4,allow,22.94,0.586,behaviour,,,200.9,64.3,16.8,0.4,38.7,8.2,
poisoning,s011,3,sim-6ba6afc0f605a14e4fe39b26428526c0,amount,e0caa7d787ec4ef59f6b6efc8ee79bd7,monitor,27.15,0.9272,behaviour,,,164.3,64.7,28.5,0.4,20.8,14.8,
poisoning,s011,3,sim-6ba6afc0f605a14e4fe39b26428526c0,confirmation,a3f059da365d421aab32a66f7ee1165d,monitor,28.12,0.9602,behaviour,,processing,275.3,157.5,27.7,0.5,93.6,8.0,27.5
poisoning,s011,4,sim-ec6eaaaf7a0a301e344f37cd47d0e1c5,login,b1bc024cc52542b9a7dab725e21d6273,allow,19.36,0.4053,behaviour,,,223.0,101.7,27.3,0.4,20.3,53.5,
poisoning,s011,4,sim-ec6eaaaf7a0a301e344f37cd47d0e1c5,payee,b1e6e15547724319b7fdf12d13e16262,allow,19.95,0.586,behaviour,,,174.5,70.2,37.0,0.4,25.0,7.6,
poisoning,s011,4,sim-ec6eaaaf7a0a301e344f37cd47d0e1c5,amount,fd67761d4d164610b66c13ce94afc3ff,monitor,23.87,0.9272,behaviour,,,167.3,63.6,28.4,0.5,20.8,13.8,
poisoning,s011,4,sim-ec6eaaaf7a0a301e344f37cd47d0e1c5,confirmation,44b13cbf19e54eda935f01072179fe8b,monitor,26.08,0.9602,behaviour,,processing,295.1,165.5,47.9,0.5,80.0,8.5,28.2
genuine,s012,0,sim-997a73750fc4e4e495f2dbfb24af148b,login,a43911af3dca464a8642c04c36d437d9,allow,16.68,0.4053,behaviour,,,276.0,92.0,20.1,0.3,21.3,50.1,
genuine,s012,0,sim-997a73750fc4e4e495f2dbfb24af148b,payee,b647a84e220843d6bca0414a7059a234,allow,14.75,0.586,behaviour,,,154.4,46.1,10.1,0.3,27.4,8.1,
genuine,s012,0,sim-997a73750fc4e4e495f2dbfb24af148b,amount,81c283e6fbc848bcab7a3f1e8266c633,allow,13.88,0.9272,behaviour,,,152.7,44.0,10.8,0.3,22.1,10.6,
genuine,s012,0,sim-997a73750fc4e4e495f2dbfb24af148b,confirmation,52b31f01b127482d82914cc3b71267b5,allow,13.98,0.9602,behaviour,,processing,215.6,106.9,11.1,0.4,59.4,8.8,27.0
genuine,s012,1,sim-fa1405effcb3939f8ade66718fba00e1,login,6a3dc5e0db054ed3bc6680ec75eea61a,allow,19.72,0.4053,behaviour,,,172.0,48.4,20.7,0.3,18.4,8.8,
genuine,s012,1,sim-fa1405effcb3939f8ade66718fba00e1,payee,b9f236ee75af40a78ceb8ea580c40bef,allow,18.82,0.586,behaviour,,,150.8,47.8,10.5,0.3,22.2,14.7,
genuine,s012,1,sim-fa1405effcb3939f8ade66718fba00e1,amount,db76232405904417a140952701d4bd11,allow,17.79,0.9272,behaviour,,,180.7,45.8,11.1,0.3,19.4,14.7,
genuine,s012,1,sim-fa1405effcb3939f8ade66718fba00e1,confirmation,4ed9b1ae3173467188ce76bb2e509da3,allow,17.71,0.9602,behaviour,,processing,257.5,104.1,11.0,0.4,55.5,9.2,27.8
genuine,s012,2,sim-d1250c58b9a366a9cd00c00110d7f6a6,login,736be336ce2643069f7f7d9feb9aedca,allow,19.04,0.4053,behaviour,,,190.3,44.0,10.6,0.3,23.9,9.0,
genuine,s012,2,sim-d1250c58b9a366a9cd00c00110d7f6a6,payee,68cfb79062194ef580eb89a63f321a1b,allow,18.43,0.586,behaviour,,,190.3,49.4,10.9,0.3,23.7,14.2,
genuine,s012,2,sim-d1250c58b9a366a9cd00c00110d7f6a6,amount,6d97b85ce50140c29c559ebf1a911dce,allow,16.24,0.9272,behaviour,,,169.9,49.6,11.2,0.3,29.5,8.4,
genuine,s012,2,sim-d1250c58b9a366a9cd00c00110d7f6a6,confirmation,d52e4ce453e649de81d2200bfead1c9d,allow,15.85,0.9602,behaviour,,processing,291.4,117.0,11.5,0.4,64.2,9.1,31.6
genuine,s012,3,sim-477d81e83c2731394e976292498d0baf,login,dfcf473f7bbf4e4893ad5474f5974883,allow,17.73,0.4053,behaviour,,,173.1,40.4,10.9,0.3,20.4,8.6,
genuine,s012,3,sim-477d81e83c2731394e976292498d0baf,payee,944f184b7fb54f558651cb65af601067,allow,17.33,0.586,behaviour,,,184.7,52.6,11.3,0.3,31.7,9.0,
genuine,s012,3,sim-477d81e83c2731394e976292498d0baf,amount,d6c17dc56f134ffcaed0bc5587c79819,allow,17.7,0.9272,behaviour,,,154.3,51.8,11.8,0.4,29.9,9.5,
genuine,s012,3,sim-477d81e83c2731394e976292498d0baf,confirmation,0607051035b34fe0a3cec87d6bf6e86b,allow,17.11,0.9602,behaviour,,processing,236.3,122.8,11.9,20.4,40.3,20.1,29.8
genuine,s012,4,sim-5a2b3323235a87c390d6702fe2365a57,login,bd25ec28e95e40daa1f8ef62a52723be,allow,18.57,0.4053,behaviour,,,148.6,46.6,11.4,0.3,20.0,14.6,
genuine,s012,4,sim-5a2b3323235a87c390d6702fe2365a57,payee,c5f14b107aa94893bc7d16c0515ab2ff,allow,17.6,0.586,behaviour,,,204.5,44.3,11.5,0.3,17.6,14.7,
genuine,s012,4,sim-5a2b3323235a87c390d6702fe2365a57,amount,d35a8f67d5dc419faa08d364eef29776,allow,18.38,0.9272,behaviour,,,189.1,56.3,22.1,0.4,24.6,8.9,
genuine,s012,4,sim-5a2b3323235a87c390d6702fe2365a57,confirmation,980a128023c34a64b5be97b631ac1dbf,allow,18.23,0.9602,behaviour,,processing,232.9,115.7,12.4,0.4,61.3,13.8,27.6
takeover,s012,0,sim-b57e1664caaa36646122315575685383,login,d80ccbf99a6c4be1b746313df212a9bd,monitor,29.67,0.4053,context,,,168.4,44.1,11.7,0.3,23.0,8.8,
takeover,s012,0,sim-b57e1664caaa36646122315575685383,payee,51700600ba244e59939fe21933ca101c,monitor,28.82,0.586,context,,,177.8,52.7,12.4,0.3,31.1,8.7,
takeover,s012,0,sim-b57e1664caaa36646122315575685383,amount,c5134f2e6857471aa68ed782adfc4be5,step_up,95.79,0.9272,transaction,checkpoint,,193.7,58.4,12.4,0.4,36.5,8.9,
takeover,s012,0,sim-b57e1664caaa36646122315575685383,confirmation,3d11dde227e242b6b8a76b8598017119,block,96.24,0.9602,transaction,,blocked,241.9,119.0,12.4,0.4,60.8,13.9,31.3
takeover,s012,1,sim-9d8dc2e90ad4f6b43d20ca80931833ca,login,59e2698bcd2c45bb960dc958ef8f1981,monitor,31.47,0.4053,context,,,261.2,62.0,12.0,0.3,30.6,18.9,
takeover,s012,1,sim-9d8dc2e90ad4f6b43d20ca80931833ca,payee,af3a02e5b7bf48079ed03ecc27f209bb,monitor,29.57,0.586,context,,,216.4,51.9,12.3,0.3,30.9,8.1,
takeover,s012,1,sim-9d8dc2e90ad4f6b43d20ca80931833ca,amount,075328e2d2674e9fa066ab2f614e0c0a,step_up,95.66,0.9272,transaction,checkpoint,,180.0,61.8,32.8,0.4,19.2,9.2,
takeover,s012,1,sim-9d8dc2e90ad4f6b43d20ca80931833ca,confirmation,788d2a23817746a19eb4b8fab957de54,block,95.75,0.9602,transaction,,blocked,225.2,119.6,12.9,0.4,71.5,9.3,25.3
takeover,s012,2,sim-a855462da27326ab08600cad96f44b7c,login,5baa04df63ef4674939718572918d146,monitor,31.71,0.4053,context,,,189.9,52.8,32.3,0.3,11.5,8.4,
takeover,s012,2,sim-a855462da27326ab08600cad96f44b7c,payee,41c562da3bfb4e038f2e2059e5cbb6fc,monitor,35.91,0.586,context,,,183.4,59.2,12.8,0.3,36.9,8.9,
takeover,s012,2,sim-a855462da27326ab08600cad96f44b7c,amount,fa0bfa5357ad4068a3e7748a556ae889,step_up,96.75,0.9272,transaction,checkpoint,,202.2,53.5,13.3,0.4,30.7,8.9,
takeover,s012,2,sim-a855462da27326ab08600cad96f44b7c,confirmation,ac11261a2efc4959a680eec4a02a3550,block,96.79,0.9602,transaction,,blocked,254.3,137.4,13.6,0.5,86.3,8.6,28.1
takeover,s012,3,sim-eb7a4de1ed9dc70fcd707ce772714112,login,44a0b9c86b63424db359582264b2e414,monitor,29.95,0.4053,context,,,184.5,51.9,23.3,0.3,18.4,9.6,
takeover,s012,3,sim-eb7a4de1ed9dc70fcd707ce772714112,payee,6419a477af754869bf0899e345a590f9,monitor,31.27,0.586,context,,,198.3,63.1,13.2,0.3,40.5,8.8,
takeover,s012,3,sim-eb7a4de1ed9dc70fcd707ce772714112,amount,e528e69641bb49f392bfc7a77df694ea,step_up,96.29,0.9272,transaction,checkpoint,,191.7,56.3,24.3,0.4,22.6,8.7,
takeover,s012,3,sim-eb7a4de1ed9dc70fcd707ce772714112,confirmation,780d60f8b61c4035bf001e1d7711b5b3,block,96.7,0.9602,transaction,,blocked,302.5,142.5,24.0,0.4,74.9,9.4,33.5
takeover,s012,4,sim-a3a95f93393747949c646b8551eee6dc,login,00601ef072894716b2dda949acf96541,monitor,32.18,0.4053,context,,,187.8,62.5,33.1,0.3,19.7,9.2,
takeover,s012,4,sim-a3a95f93393747949c646b8551eee6dc,payee,5f5186ec019d4ed3ae320515fa6f1421,monitor,36.12,0.586,context,,,167.6,58.9,13.5,0.3,30.7,14.1,
takeover,s012,4,sim-a3a95f93393747949c646b8551eee6dc,amount,66f07b79915d4f75acf31aa8b6f096e0,step_up,97.3,0.9272,transaction,checkpoint,,179.2,58.3,14.1,0.4,29.3,14.3,
takeover,s012,4,sim-a3a95f93393747949c646b8551eee6dc,confirmation,984898d5318f41b3bad9cedef726e184,block,97.62,0.9602,transaction,,blocked,277.0,133.2,14.3,0.4,83.5,8.9,25.9
bot,s012,0,sim-b2fc4966f1ec1917468efcc8be94c60a,login,68e26956007f431694e4e5be1e40f86c,step_up,91.71,0.4053,automation,friction_ceiling,,158.5,54.9,23.8,0.3,21.9,8.7,
bot,s012,0,sim-b2fc4966f1ec1917468efcc8be94c60a,payee,dc1330b7d1004ad5bf2f65924ef1755c,step_up,98.9,0.586,automation,friction_ceiling,,227.5,57.4,14.0,0.3,28.9,13.9,
bot,s012,0,sim-b2fc4966f1ec1917468efcc8be94c60a,amount,afb7034ed0bf4ba58df48e63e335823c,step_up,99.19,0.9272,automation,friction_ceiling,,176.7,58.7,14.4,0.4,29.3,14.4,
bot,s012,0,sim-b2fc4966f1ec1917468efcc8be94c60a,confirmation,a5751ba37e2340399274929169b62846,step_up,99.33,0.9602,automation,friction_ceiling,awaiting_step_up,267.6,142.8,14.8,0.4,60.2,9.2,37.8
bot,s012,1,sim-b80c37b232b473b37d891bfe5cf919f7,login,573495b7888547e2ab5d5f1ee21f72d5,step_up,91.71,0.4053,automation,friction_ceiling,,179.9,59.4,14.1,0.3,35.9,8.8,
bot,s012,1,sim-b80c37b232b473b37d891bfe5cf919f7,payee,091fc42e28774da1a22d558110bdc703,step_up,98.9,0.586,automation,friction_ceiling,,183.9,56.1,24.2,0.3,22.2,9.2,
bot,s012,1,sim-b80c37b232b473b37d891bfe5cf919f7,amount,e683d7dbe4bb4d138dc75ebd6492f819,step_up,99.19,0.9272,automation,friction_ceiling,,204.1,57.2,24.4,0.4,23.0,9.2,
bot,s012,1,sim-b80c37b232b473b37d891bfe5cf919f7,confirmation,3dd0ae060be749969495be6664771f95,step_up,99.33,0.9602,automation,friction_ceiling,awaiting_step_up,253.7,140.0,14.5,0.4,74.2,19.8,30.9
bot,s012,2,sim-b2695df7bc366d15352d9b387e167fb3,login,c890224b178a4c0fbce6c6242d494f4e,step_up,91.71,0.4053,automation,friction_ceiling,,191.2,59.2,13.7,0.3,30.0,15.0,
bot,s012,2,sim-b2695df7bc366d15352d9b387e167fb3,payee,958f41c77f9c4365b9025762b2a66767,step_up,98.9,0.586,automation,friction_ceiling,,211.1,66.1,34.1,0.4,22.8,8.6,
bot,s012,2,sim-b2695df7bc366d15352d9b387e167fb3,amount,55bb780dd99d489d941e57f800aca362,step_up,99.19,0.9272,automation,friction_ceiling,,180.7,63.0,14.6,0.4,38.5,9.2,
bot,s012,2,sim-b2695df7bc366d15352d9b387e167fb3,confirmation,5491675ff05e430881430c666b8ef8f1,step_up,99.33,0.9602,automation,friction_ceiling,awaiting_step_up,240.0,132.6,14.4,0.4,82.7,9.7,24.9
bot,s012,3,sim-bfcd4beb0aa25e0c0fe4c52a68cf5e32,login,0369b20e797046eca89927c7559091c3,step_up,91.71,0.4053,automation,friction_ceiling,,153.9,51.9,23.5,0.3,19.6,8.3,
bot,s012,3,sim-bfcd4beb0aa25e0c0fe4c52a68cf5e32,payee,0485fd035d444d529785b4aac006764f,step_up,98.9,0.586,automation,friction_ceiling,,180.2,51.6,24.0,0.3,18.4,8.7,
bot,s012,3,sim-bfcd4beb0aa25e0c0fe4c52a68cf5e32,amount,b15d4a0ba8824ac38dda6d95c0797046,step_up,99.19,0.9272,automation,friction_ceiling,,245.0,67.1,34.6,0.4,22.8,9.1,
bot,s012,3,sim-bfcd4beb0aa25e0c0fe4c52a68cf5e32,confirmation,bc28b44a0c6044898c1a84c56cc4d614,step_up,99.33,0.9602,automation,friction_ceiling,awaiting_step_up,222.1,119.9,15.8,0.4,66.9,8.7,28.0
bot,s012,4,sim-af764e5b0b902fc8bc3d65d4ad42f065,login,ae478fb435064ec8b58d9b5b864afd52,step_up,91.71,0.4053,automation,friction_ceiling,,170.4,53.9,13.7,0.3,31.2,8.5,
bot,s012,4,sim-af764e5b0b902fc8bc3d65d4ad42f065,payee,f3eae505f317429c9200d6e430f8fcd0,step_up,98.9,0.586,automation,friction_ceiling,,163.9,54.7,13.7,0.3,32.1,8.3,
bot,s012,4,sim-af764e5b0b902fc8bc3d65d4ad42f065,amount,12880c946b9f4c88bd401e0639012de7,step_up,99.19,0.9272,automation,friction_ceiling,,176.7,69.0,16.6,0.4,26.2,25.7,
bot,s012,4,sim-af764e5b0b902fc8bc3d65d4ad42f065,confirmation,1b50649e157244e18c1e9deadac00f75,step_up,99.33,0.9602,automation,friction_ceiling,awaiting_step_up,262.8,144.1,34.4,0.4,56.9,8.5,43.6
replay,s012,0,sim-5fa8aca72dfe06453afd7c7efe16ffc7,login,6a7cafc6e48f4ccfb29fa2f197568bdc,step_up,90.22,0.4053,automation,friction_ceiling,,161.7,53.0,23.5,0.3,20.2,8.7,
replay,s012,0,sim-5fa8aca72dfe06453afd7c7efe16ffc7,payee,32db77484d884561846fe5b4ca8c5758,step_up,98.48,0.586,automation,friction_ceiling,,172.1,53.1,13.8,0.3,30.5,8.2,
replay,s012,0,sim-5fa8aca72dfe06453afd7c7efe16ffc7,amount,706492a743504f14931a34da065c2d39,step_up,98.42,0.9272,automation,friction_ceiling,,266.8,58.5,24.1,0.4,25.0,8.7,
replay,s012,0,sim-5fa8aca72dfe06453afd7c7efe16ffc7,confirmation,560bd2774f224809a5ddb10a93df36d5,step_up,98.72,0.9602,automation,friction_ceiling,awaiting_step_up,399.7,128.1,34.5,0.4,58.9,8.4,25.6
replay,s012,1,sim-efe5ab2290279670c0b71f1c59f9caa4,login,39d21adc329144afb69e42688af47e8c,step_up,90.88,0.4053,automation,friction_ceiling,,195.4,57.6,13.8,0.3,33.8,9.5,
replay,s012,1,sim-efe5ab2290279670c0b71f1c59f9caa4,payee,5f6a0bd3265d43a19573aae103297711,step_up,98.16,0.586,automation,friction_ceiling,,224.9,53.3,24.2,0.4,19.2,9.4,
replay,s012,1,sim-efe5ab2290279670c0b71f1c59f9caa4,amount,501963b6385241f3a19c4f808abfebe4,step_up,98.09,0.9272,automation,friction_ceiling,,193.2,65.3,14.5,0.4,41.8,8.4,
replay,s012,1,sim-efe5ab2290279670c0b71f1c59f9caa4,confirmation,448a79b21cce4147b43c6472d4045907,step_up,97.98,0.9602,automation,friction_ceiling,awaiting_step_up,280.1,157.9,15.0,0.4,73.3,19.8,49.2
replay,s012,2,sim-245574305e140d8c116ca097fc2ec056,login,6879fdb7c9884413bcc4e828d887e855,step_up,89.38,0.4053,automation,friction_ceiling,,190.9,55.8,24.4,0.3,22.2,8.6,
replay,s012,2,sim-245574305e140d8c116ca097fc2ec056,payee,6aef321aadff472db5e372f2b110f7dd,step_up,97.76,0.586,automation,friction_ceiling,,220.3,57.9,14.6,0.4,28.4,14.4,
replay,s012,2,sim-245574305e140d8c116ca097fc2ec056,amount,ac267032b20143b59fef6c2dc0553e6c,step_up,97.85,0.9272,automation,friction_ceiling,,158.8,59.5,25.0,0.4,19.6,14.2,
replay,s012,2,sim-245574305e140d8c116ca097fc2ec056,confirmation,4523a6ca07654ecab05d78b3dbca17e8,step_up,97.5,0.9602,automation,friction_ceiling,awaiting_step_up,289.2,146.8,15.1,0.4,82.2,19.7,29.2
replay,s012,3,sim-eeec8299169f152ee870cac5f78bf177,login,3bc26ef9d41443c090e836819b6075c0,step_up,87.66,0.4053,automation,friction_ceiling,,226.9,68.0,35.0,0.3,24.1,8.3,
replay,s012,3,sim-eeec8299169f152ee870cac5f78bf177,payee,959392b8c2c64d868f0f103d4c99cbb1,step_up,96.97,0.586,automation,friction_ceiling,,337.0,67.4,35.2,0.4,22.5,9.1,
replay,s012,3,sim-eeec8299169f152ee870cac5f78bf177,amount,492a38bb71a74f33be884137e0dabdcb,step_up,96.41,0.9272,automation,friction_ceiling,,166.4,61.1,25.4,0.4,20.3,14.7,
replay,s012,3,sim-eeec8299169f152ee870cac5f78bf177,confirmation,ec0bf2c605cd489d8b17b76b66308541,step_up,96.27,0.9602,automation,friction_ceiling,awaiting_step_up,267.0,147.7,25.8,0.5,73.7,19.8,27.8
replay,s012,4,sim-371b4143951470f6583119ae1e52f800,login,095037e44aa84ba59c96dc09c3ce7327,step_up,87.62,0.4053,automation,friction_ceiling,,209.9,67.3,35.0,0.4,22.3,9.4,
replay,s012,4,sim-371b4143951470f6583119ae1e52f800,payee,01d940244c5645479802bfca528bf79c,step_up,97.43,0.586,automation,friction_ceiling,,236.1,65.6,15.5,0.4,40.4,9.1,
replay,s012,4,sim-371b4143951470f6583119ae1e52f800,amount,30ef66e0f8f7413e90c4d2135e00473f,step_up,96.99,0.9272,automation,friction_ceiling,,208.1,68.3,16.0,0.4,42.4,9.2,
replay,s012,4,sim-371b4143951470f6583119ae1e52f800,confirmation,9cc9e975b21748cd9113e47e0cb2fc91,step_up,96.64,0.9602,automation,friction_ceiling,awaiting_step_up,308.5,155.7,26.3,0.5,86.1,9.0,33.5
poisoning,s012,0,sim-d896b6357df561d639a7574743ee2bf6,login,2f21934775414834869670bed5e1db9f,allow,18.1,0.4053,behaviour,,,181.1,59.5,25.6,0.3,24.9,8.5,
poisoning,s012,0,sim-d896b6357df561d639a7574743ee2bf6,payee,dd2b50d7d8a145ec9633a2485ef533c6,allow,16.69,0.586,behaviour,,,226.0,69.6,15.4,0.4,39.9,13.7,
poisoning,s012,0,sim-d896b6357df561d639a7574743ee2bf6,amount,0555aa619a5d4b0396c51f5b49ffa3ed,allow,16.22,0.9272,behaviour,,,177.0,66.9,36.3,0.4,20.6,9.4,
poisoning,s012,0,sim-d896b6357df561d639a7574743ee2bf6,confirmation,c49971cf9649454aba961fc66d9391b3,allow,17.88,0.9602,behaviour,,processing,293.8,165.5,36.3,0.5,87.0,9.7,31.8
poisoning,s012,1,sim-5875e2233e9b0fb7895dd64ab17c8b86,login,ceac15b0148e41969680c1e217905dae,allow,20.79,0.4053,behaviour,,,191.6,56.5,16.0,0.4,31.1,8.9,
poisoning,s012,1,sim-5875e2233e9b0fb7895dd64ab17c8b86,payee,647882598ed143b98c7e7731c62bf1a6,allow,17.03,0.586,behaviour,,,175.4,68.1,17.3,0.4,41.1,9.1,
poisoning,s012,1,sim-5875e2233e9b0fb7895dd64ab17c8b86,amount,21dce60a2ceb474ea01f8e24d29723b6,allow,17.65,0.9272,behaviour,,,191.6,71.7,26.6,0.4,35.0,9.5,
poisoning,s012,1,sim-5875e2233e9b0fb7895dd64ab17c8b86,confirmation,055afd42f68f45398c4aed61cd419bc1,allow,19.5,0.9602,behaviour,,processing,261.0,156.4,16.9,0.5,92.6,19.7,26.6
poisoning,s012,2,sim-35d7310b8c9eb3a20538fc83f74a6f81,login,b24b7f8ba6904a73ae0e6da56b485bef,allow,19.91,0.4053,behaviour,,,197.0,65.5,16.0,20.4,20.1,8.8,
poisoning,s012,2,sim-35d7310b8c9eb3a20538fc83f74a6f81,payee,eddd6b0048554d188e4c0f2d7a6d9b54,allow,21.1,0.586,behaviour,,,165.8,64.0,16.2,0.4,38.2,8.9,
poisoning,s012,2,sim-35d7310b8c9eb3a20538fc83f74a6f81,amount,23295457ff0842a1bae81b5df4b02407,allow,19.88,0.9272,behaviour,,,158.3,58.3,19.4,0.4,29.3,9.0,
poisoning,s012,2,sim-35d7310b8c9eb3a20538fc83f74a6f81,confirmation,dd3e11b14f37414891e0d791b5f28a2b,allow,19.01,0.9602,behaviour,,processing,250.5,150.2,27.4,0.5,87.8,9.5,24.8
poisoning,s012,3,sim-598a3e16b527d4d3d30583a21c8fa021,login,058433de355b443a945b5caa24120002,allow,18.9,0.4053,behaviour,,,170.4,59.7,26.3,0.4,24.8,8.0,
poisoning,s012,3,sim-598a3e16b527d4d3d30583a21c8fa021,payee,bc348d4f2f944a1792a91ea636c84a93,allow,19.16,0.586,behaviour,,,194.1,70.0,27.0,0.4,33.5,8.9,
poisoning,s012,3,sim-598a3e16b527d4d3d30583a21c8fa021,amount,3f6409f4cfc24db0997622a6852d3828,allow,19.46,0.9272,behaviour,,,202.8,71.3,27.2,0.4,34.3,9.1,
poisoning,s012,3,sim-598a3e16b527d4d3d30583a21c8fa021,confirmation,0072a6ac16e3469d94201a2738398817,allow,19.68,0.9602,behaviour,,processing,278.6,163.5,37.4,0.5,85.5,9.8,30.1
poisoning,s012,4,sim-29b58c0b8d9a54e4abce1f06ce39751e,login,6fd35dd4e04946c4b324096561e2319b,allow,19.65,0.4053,behaviour,,,175.1,68.0,27.0,0.4,31.7,8.6,
poisoning,s012,4,sim-29b58c0b8d9a54e4abce1f06ce39751e,payee,0e33704c940a45e0b4eb39c024e574e8,allow,19.79,0.586,behaviour,,,192.9,61.8,27.3,0.4,19.5,14.4,
poisoning,s012,4,sim-29b58c0b8d9a54e4abce1f06ce39751e,amount,117cc3806d9848c9ac8abf55ca730fbe,allow,21.18,0.9272,behaviour,,,199.3,72.6,38.2,0.4,18.6,15.1,
poisoning,s012,4,sim-29b58c0b8d9a54e4abce1f06ce39751e,confirmation,b1c242dbc82f4b3a9c30eac3ace4f719,allow,22.85,0.9602,behaviour,,processing,322.5,191.8,19.0,0.5,112.9,31.8,27.4
genuine,s013,0,sim-7ef503bb74410c30ffcb5f4bed5d0f8e,login,9a13bf8c4448461691a053d8b00052e9,monitor,27.43,0.4053,behaviour,,,218.7,81.1,9.7,0.2,20.8,50.2,
genuine,s013,0,sim-7ef503bb74410c30ffcb5f4bed5d0f8e,payee,d4e4b1a7ed5c450ca96e29ecd1771911,allow,20.14,0.586,behaviour,,,194.3,46.5,9.6,0.3,25.7,10.6,
genuine,s013,0,sim-7ef503bb74410c30ffcb5f4bed5d0f8e,amount,1ad3dc9e96a04712aee208df9f616c52,allow,20.34,0.9272,behaviour,,,193.3,48.7,11.5,0.3,26.8,10.0,
genuine,s013,0,sim-7ef503bb74410c30ffcb5f4bed5d0f8e,confirmation,a056b41e606b4f4f8e3362dd6b7fb16a,allow,21.39,0.9602,behaviour,,processing,242.6,111.6,13.5,0.4,61.6,9.9,26.0
genuine,s013,1,sim-7d1d43fa586bef949d810131fa0f0b4a,login,f2205a2177ef46999d7186c5c428a55d,monitor,24.55,0.4053,behaviour,,,162.1,40.6,10.4,0.2,18.4,11.3,
genuine,s013,1,sim-7d1d43fa586bef949d810131fa0f0b4a,payee,e774c42a0c324b099cb29f6f89c16210,monitor,24.69,0.586,behaviour,,,195.0,44.3,10.7,0.3,22.7,10.4,
genuine,s013,1,sim-7d1d43fa586bef949d810131fa0f0b4a,amount,66e29de5ea7b4043961dd57e362c97f2,allow,21.16,0.9272,behaviour,,,190.6,44.2,11.1,0.3,22.1,10.5,
genuine,s013,1,sim-7d1d43fa586bef949d810131fa0f0b4a,confirmation,4b02a98fb78f49ddb387b4a4b5340b56,allow,20.18,0.9602,behaviour,,processing,284.0,115.2,16.1,0.4,52.9,10.5,35.0
genuine,s013,2,sim-6932e88580b1161538bafe953e5ddfd1,login,f18f8f1d4c164ca78d7a7c1ea5543d37,monitor,23.77,0.4053,behaviour,,,230.5,48.7,10.3,0.3,26.5,11.4,
genuine,s013,2,sim-6932e88580b1161538bafe953e5ddfd1,payee,0037e61ccbfb4018b765e9cbb5470e96,monitor,31.08,0.586,behaviour,,,199.1,43.0,12.4,0.3,19.1,10.9,
genuine,s013,2,sim-6932e88580b1161538bafe953e5ddfd1,amount,018a6991139c4861845b5faaf8ab91f7,monitor,28.73,0.9272,behaviour,,,370.3,53.6,31.7,0.4,11.8,9.4,
genuine,s013,2,sim-6932e88580b1161538bafe953e5ddfd1,confirmation,e4cdea7cf3c443dd93099ec5b7bf5313,monitor,27.34,0.9602,behaviour,,processing,258.3,107.1,11.1,0.4,50.6,19.9,24.9
genuine,s013,3,sim-c1cb7ecade9e726d4722013e197db7f6,login,e59cc272bebd42518d0f9c78562e75a2,allow,20.27,0.4053,behaviour,,,183.3,42.5,10.8,0.3,21.3,10.0,
genuine,s013,3,sim-c1cb7ecade9e726d4722013e197db7f6,payee,77a4937de33b41b6a267fab88a8ad4af,allow,21.08,0.586,behaviour,,,191.4,54.9,11.0,0.3,32.7,10.7,
genuine,s013,3,sim-c1cb7ecade9e726d4722013e197db7f6,amount,92bffc22be6d4ee0a5d8e9d545046da1,allow,21.57,0.9272,behaviour,,,212.9,54.4,11.4,0.4,31.5,10.9,
genuine,s013,3,sim-c1cb7ecade9e726d4722013e197db7f6,confirmation,05236f98565a49ad8f706735dd40c4a5,monitor,25.37,0.9602,behaviour,,processing,232.1,107.0,21.4,0.4,52.4,9.2,23.4
genuine,s013,4,sim-a3e34274411621eb46fff18efb6689c6,login,b89662568def41309e1cb4569fe479af,monitor,25.57,0.4053,behaviour,,,182.5,44.6,11.1,0.3,22.9,10.1,
genuine,s013,4,sim-a3e34274411621eb46fff18efb6689c6,payee,254d719fce434167bc8ba511f85f3301,monitor,31.41,0.586,behaviour,,,164.0,45.6,11.3,0.3,23.5,10.3,
genuine,s013,4,sim-a3e34274411621eb46fff18efb6689c6,amount,6b20042cd5874154816681ede4d92557,step_up,39.21,0.9272,behaviour,,,181.1,58.2,21.8,0.4,25.1,10.8,
genuine,s013,4,sim-a3e34274411621eb46fff18efb6689c6,confirmation,700e9e87ae7d40cb9049f009afcf8b96,step_up,44.91,0.9602,behaviour,,awaiting_step_up,245.7,121.2,11.7,0.4,66.0,11.1,31.7
takeover,s013,0,sim-cbda41a10d998c9c1e1eefa346f803ab,login,428ef598f85546be92293eba01cdfa6e,monitor,29.25,0.4053,context,,,157.3,50.4,11.5,0.3,23.2,15.2,
takeover,s013,0,sim-cbda41a10d998c9c1e1eefa346f803ab,payee,690519eddb7f4ef4a88f3ca4fab3505c,step_up,37.09,0.586,context,,,182.8,45.5,11.6,0.3,18.3,15.1,
takeover,s013,0,sim-cbda41a10d998c9c1e1eefa346f803ab,amount,5ed26e3700a74ec589387e88b1c6507b,step_up,97.83,0.9272,transaction,checkpoint,,177.2,47.5,12.2,0.3,19.7,15.1,
takeover,s013,0,sim-cbda41a10d998c9c1e1eefa346f803ab,confirmation,f621b61cfaaf4353b43e15e2e7379830,block,98.17,0.9602,transaction,,blocked,248.4,119.9,12.4,20.5,46.4,13.6,26.8
takeover,s013,1,sim-21df5e0e882b021dca58865f2235d76c,login,586f9cdd047a4bbba19dc398ab2188fb,monitor,34.84,0.4053,context,,,171.1,45.3,11.7,0.3,18.3,14.8,
takeover,s013,1,sim-21df5e0e882b021dca58865f2235d76c,payee,ffcdcd759a0349fdb03f8e3aa4aa4067,step_up,42.95,0.586,behaviour,,,199.1,48.5,12.2,0.3,21.2,14.7,
takeover,s013,1,sim-21df5e0e882b021dca58865f2235d76c,amount,c68cf488e7fe4f99aa9bdfd6719b9d0f,step_up,98.33,0.9272,transaction,checkpoint,,172.3,63.4,32.5,0.4,19.1,11.3,
takeover,s013,1,sim-21df5e0e882b021dca58865f2235d76c,confirmation,6109360c5747497dad73c7c1bbba80b8,block,98.75,0.9602,transaction,,blocked,246.3,137.1,22.5,0.4,76.2,10.7,27.2
takeover,s013,2,sim-fe71a7870ab7ac553323fdb1b1f0aaa7,login,d80172e80f2647bb92742c0c44b3a237,monitor,28.84,0.4053,context,,,180.1,49.9,12.1,0.3,23.0,14.3,
takeover,s013,2,sim-fe71a7870ab7ac553323fdb1b1f0aaa7,payee,5a9a02dff7f24dbca946ae5725af9967,monitor,35.76,0.586,context,,,152.9,52.0,22.7,0.3,19.0,9.7,
takeover,s013,2,sim-fe71a7870ab7ac553323fdb1b1f0aaa7,amount,13d73b136a514907affb19e3af34c8e8,step_up,95.67,0.9272,transaction,checkpoint,,159.2,59.0,15.0,0.4,32.6,10.8,
takeover,s013,2,sim-fe71a7870ab7ac553323fdb1b1f0aaa7,confirmation,9734482167db46668ca4b07ececbb9e8,block,96.31,0.9602,transaction,,blocked,232.3,131.9,13.2,0.4,54.0,19.9,44.3
takeover,s013,3,sim-1312f5d25e216186a3a6432ff3dce03b,login,7e234222371d4a4e890414c4f10befa9,monitor,33.65,0.4053,context,,,191.8,53.4,12.9,0.3,30.1,10.0,
takeover,s013,3,sim-1312f5d25e216186a3a6432ff3dce03b,payee,ffcd677c3747488f88be78cb1cce3619,monitor,35.2,0.586,context,,,205.0,58.3,23.1,0.3,23.8,10.9,
takeover,s013,3,sim-1312f5d25e216186a3a6432ff3dce03b,amount,0a762924aafa4f9fa73a178e54d393be,step_up,96.97,0.9272,transaction,checkpoint,,171.9,64.4,33.9,0.4,19.7,10.1,
takeover,s013,3,sim-1312f5d25e216186a3a6432ff3dce03b,confirmation,f7a11b8e00a042c2b50fd4b1fe7cd32e,block,97.73,0.9602,transaction,,blocked,361.7,258.2,23.3,0.4,68.2,9.7,156.3
takeover,s013,4,sim-7e62047b7629c75546f27633bfbf4f97,login,a84259080f5245b382a1a1c5bdeebc5c,monitor,35.65,0.4053,context,,,246.1,52.1,13.4,0.3,27.8,10.4,
takeover,s013,4,sim-7e62047b7629c75546f27633bfbf4f97,payee,057ac2acffde4e2ea2c8a705a18311c4,step_up,40.57,0.586,behaviour,,,167.0,54.6,13.8,10.4,20.2,10.0,
takeover,s013,4,sim-7e62047b7629c75546f27633bfbf4f97,amount,6bf532be9f4d4b71ba0d4407217d5f62,step_up,97.99,0.9272,transaction,checkpoint,,186.5,70.0,33.9,0.4,24.4,11.1,
takeover,s013,4,sim-7e62047b7629c75546f27633bfbf4f97,confirmation,cbbfdc02c0a04c179abbd9a290a1c141,block,97.91,0.9602,transaction,,blocked,232.5,125.3,13.7,0.4,63.2,19.9,27.8
bot,s013,0,sim-56cff7f7240418dd0c6da3799de1b668,login,ea1fba113ed142ce8435e12035e04e67,step_up,94.17,0.4053,automation,friction_ceiling,,183.4,62.7,33.8,0.3,17.9,10.5,
bot,s013,0,sim-56cff7f7240418dd0c6da3799de1b668,payee,00cc9685490547b5aa870fc00026b8e8,step_up,99.48,0.586,automation,friction_ceiling,,177.8,55.8,13.8,0.3,31.0,10.4,
bot,s013,0,sim-56cff7f7240418dd0c6da3799de1b668,amount,1bd5b16947e84ce4a943deed75044c5f,step_up,99.74,0.9272,automation,friction_ceiling,,204.6,69.2,34.6,0.4,23.6,10.5,
bot,s013,0,sim-56cff7f7240418dd0c6da3799de1b668,confirmation,9c75b0465df04e88b63b7f9c1ad58f39,step_up,99.83,0.9602,automation,friction_ceiling,awaiting_step_up,226.7,127.6,24.4,0.4,59.5,10.8,32.2
bot,s013,1,sim-29eae66a4e4c7899ad10cf6cf4755b4e,login,46e99460680740ebaea76e4d7c480799,step_up,94.17,0.4053,automation,friction_ceiling,,167.9,66.2,13.6,0.3,41.4,10.7,
bot,s013,1,sim-29eae66a4e4c7899ad10cf6cf4755b4e,payee,dce35c07c6284a82b2e8ebb0140d3e44,step_up,99.48,0.586,automation,friction_ceiling,,180.8,56.9,13.8,0.3,30.5,12.0,
bot,s013,1,sim-29eae66a4e4c7899ad10cf6cf4755b4e,amount,c2637f769346429f9d2983bae50d88b9,step_up,99.74,0.9272,automation,friction_ceiling,,183.0,60.1,24.3,0.4,24.5,10.7,
bot,s013,1,sim-29eae66a4e4c7899ad10cf6cf4755b4e,confirmation,e73c4805ca4640d2a1251bb25018f55a,step_up,99.83,0.9602,automation,friction_ceiling,awaiting_step_up,257.1,130.4,25.4,0.4,55.5,19.9,29.0
bot,s013,2,sim-0759bb8286c6b6dcb57574c22a300027,login,76fbeb92e32648a4a96cfd324e248bf6,step_up,94.17,0.4053,automation,friction_ceiling,,189.1,57.6,23.6,0.3,22.6,10.9,
bot,s013,2,sim-0759bb8286c6b6dcb57574c22a300027,payee,a9a7589165644699bdd17602eade5de9,step_up,99.48,0.586,automation,friction_ceiling,,156.6,58.6,14.1,0.3,29.6,14.4,
bot,s013,2,sim-0759bb8286c6b6dcb57574c22a300027,amount,14c20a29c634467591b7e0720c60e933,step_up,99.74,0.9272,automation,friction_ceiling,,160.9,60.0,24.4,0.4,20.2,14.8,
bot,s013,2,sim-0759bb8286c6b6dcb57574c22a300027,confirmation,35c1e8b411c741c5a57624add7cecc94,step_up,99.83,0.9602,automation,friction_ceiling,awaiting_step_up,255.3,124.7,14.5,0.4,73.4,10.4,25.8
bot,s013,3,sim-d7c99738eaae6c8051a5804dd3357441,login,d42f48555ce34baaae8db201b2480d61,step_up,94.17,0.4053,automation,friction_ceiling,,160.0,55.5,23.9,0.3,19.3,11.8,
bot,s013,3,sim-d7c99738eaae6c8051a5804dd3357441,payee,18f28ae32b8e4f9da82aafdbd378e5d2,step_up,99.48,0.586,automation,friction_ceiling,,194.8,57.1,14.3,0.3,31.6,10.6,
bot,s013,3,sim-d7c99738eaae6c8051a5804dd3357441,amount,76a90cc57300432f856876423f5cceb0,step_up,99.74,0.9272,automation,friction_ceiling,,185.6,68.5,14.2,0.4,36.7,17.0,
bot,s013,3,sim-d7c99738eaae6c8051a5804dd3357441,confirmation,d3c5e54737724a2facfea8a59097477b,step_up,99.83,0.9602,automation,friction_ceiling,awaiting_step_up,262.4,136.2,14.2,0.4,82.2,10.0,29.2
bot,s013,4,sim-218f36e63305d31561c33fd3c49ade00,login,757f784facbc48d4ab30647ef97f683f,step_up,94.17,0.4053,automation,friction_ceiling,,191.6,64.2,33.6,0.3,18.7,11.4,
bot,s013,4,sim-218f36e63305d31561c33fd3c49ade00,payee,920febb2c73a49fe92e81636eb053097,step_up,99.48,0.586,automation,friction_ceiling,,179.7,56.6,13.9,0.3,32.1,10.1,
bot,s013,4,sim-218f36e63305d31561c33fd3c49ade00,amount,40021c98ca63469e9df866a381b2b7fb,step_up,99.74,0.9272,automation,friction_ceiling,,203.4,70.6,14.5,20.5,25.2,10.2,
bot,s013,4,sim-218f36e63305d31561c33fd3c49ade00,confirmation,a8b54da009ef4b64840cdffb621e88b1,step_up,99.83,0.9602,automation,friction_ceiling,awaiting_step_up,241.8,128.1,14.7,0.4,76.2,10.7,26.0
replay,s013,0,sim-271625d8bc7c073cfcde9d02b1140547,login,cdb835828d9b4b39809cb4c32e949041,step_up,93.51,0.4053,automation,friction_ceiling,,232.5,61.7,13.7,0.3,37.0,10.5,
replay,s013,0,sim-271625d8bc7c073cfcde9d02b1140547,payee,0f0825118b704f55bcabbc82252a1ad5,step_up,98.19,0.586,automation,friction_ceiling,,165.7,52.7,13.6,0.3,27.7,10.9,
replay,s013,0,sim-271625d8bc7c073cfcde9d02b1140547,amount,b8c5bd3659684326846a098e7daecc71,step_up,98.72,0.9272,automation,friction_ceiling,,199.0,71.3,13.9,0.4,46.2,10.6,
replay,s013,0,sim-271625d8bc7c073cfcde9d02b1140547,confirmation,8aa68df3769441a189729639de447c13,step_up,99.1,0.9602,automation,friction_ceiling,awaiting_step_up,249.0,144.0,24.5,0.4,76.0,11.2,31.6
replay,s013,1,sim-446d53d4c85c047f772dcb1e9bc04ec7,login,ccc34254a0504ce18c5210fe5e92e3fc,step_up,89.94,0.4053,automation,friction_ceiling,,186.9,55.7,13.8,0.3,30.9,10.5,
replay,s013,1,sim-446d53d4c85c047f772dcb1e9bc04ec7,payee,c4b13281faeb41a6adc9866f27a72fae,step_up,97.45,0.586,automation,friction_ceiling,,182.1,52.7,13.8,0.3,29.1,9.2,
replay,s013,1,sim-446d53d4c85c047f772dcb1e9bc04ec7,amount,75b192c67fbd4d0fbe927ac60a4c9f41,step_up,96.88,0.9272,automation,friction_ceiling,,181.1,60.7,25.8,0.4,24.2,10.0,
replay,s013,1,sim-446d53d4c85c047f772dcb1e9bc04ec7,confirmation,ed43ed0a393b41238d61903f73ddef3d,step_up,97.88,0.9602,automation,friction_ceiling,awaiting_step_up,227.3,126.5,25.2,0.4,57.8,12.0,30.9
replay,s013,2,sim-ce50c0dcccb4cc94ae4d9572b8793fbc,login,44b3de278c2c44b794351764430bd27c,step_up,89.6,0.4053,automation,friction_ceiling,,246.3,58.9,14.3,0.3,34.3,9.7,
replay,s013,2,sim-ce50c0dcccb4cc94ae4d9572b8793fbc,payee,a7dc371d93b347808be560da6838f7db,step_up,97.49,0.586,automation,friction_ceiling,,190.9,69.5,35.9,0.4,21.9,11.0,
replay,s013,2,sim-ce50c0dcccb4cc94ae4d9572b8793fbc,amount,9ad317cdb0d14fc78f86cd6edc6c7732,step_up,96.42,0.9272,automation,friction_ceiling,,547.6,62.5,15.4,0.4,36.0,10.5,
replay,s013,2,sim-ce50c0dcccb4cc94ae4d9572b8793fbc,confirmation,4dd27ec6c3db4da29fdf1b60715596b7,step_up,96.42,0.9602,automation,friction_ceiling,awaiting_step_up,260.3,146.7,15.2,0.4,82.7,9.7,38.4
replay,s013,3,sim-f943ab34c320aa79fccb626fb6ad4717,login,0a74adaaf50946c59bf9f6fa0c061660,step_up,87.35,0.4053,automation,friction_ceiling,,169.7,59.6,24.9,0.3,19.6,14.6,
replay,s013,3,sim-f943ab34c320aa79fccb626fb6ad4717,payee,491cec15d15b4fabb4b57a44b6f76acb,step_up,97.53,0.586,automation,friction_ceiling,,200.3,64.5,15.1,0.4,38.9,9.9,
replay,s013,3,sim-f943ab34c320aa79fccb626fb6ad4717,amount,521365f41d2942eda3f0bedd908db532,step_up,97.42,0.9272,automation,friction_ceiling,,216.0,65.0,15.7,0.4,38.6,10.1,
replay,s013,3,sim-f943ab34c320aa79fccb626fb6ad4717,confirmation,0d0522a1ea094be6accaaab007be6c0e,step_up,96.3,0.9602,automation,friction_ceiling,awaiting_step_up,273.1,146.5,26.1,0.5,79.2,10.4,30.1
replay,s013,4,sim-be5d5798509f06d651f5e67d6d646f73,login,a71a065b50f1448db935827389937331,step_up,89.29,0.4053,automation,friction_ceiling,,180.9,68.1,15.5,0.3,41.7,10.4,
replay,s013,4,sim-be5d5798509f06d651f5e67d6d646f73,payee,92f34775f64c438aa926f293f244d9d5,step_up,97.91,0.586,automation,friction_ceiling,,201.8,71.3,15.4,0.4,42.3,12.9,
replay,s013,4,sim-be5d5798509f06d651f5e67d6d646f73,amount,c2f391554f9c40e0b2fa038e73560947,step_up,97.19,0.9272,automation,friction_ceiling,,198.8,70.9,25.9,0.4,33.8,10.6,
replay,s013,4,sim-be5d5798509f06d651f5e67d6d646f73,confirmation,0d5fee7181bf457eb03ad2a9cbc9b289,step_up,96.91,0.9602,automation,friction_ceiling,awaiting_step_up,276.5,164.2,35.9,0.5,84.9,11.3,31.3
poisoning,s013,0,sim-a60da904ac8c6876c4cf47fb9b6c3d52,login,edcc1f4fda454c88842b9ecb15232852,allow,19.51,0.4053,behaviour,,,181.6,68.1,15.6,0.3,40.8,11.1,
poisoning,s013,0,sim-a60da904ac8c6876c4cf47fb9b6c3d52,payee,d405d5e7cc9a448da611a2a7513bb805,allow,18.97,0.586,behaviour,,,189.1,68.3,15.9,0.4,41.9,9.9,
poisoning,s013,0,sim-a60da904ac8c6876c4cf47fb9b6c3d52,amount,50d4503859e24ee7a1a3fb683cf86656,allow,23.0,0.9272,behaviour,,,179.8,69.8,16.4,0.4,42.5,10.3,
poisoning,s013,0,sim-a60da904ac8c6876c4cf47fb9b6c3d52,confirmation,1b513c136bc247978f018a05dfd48310,monitor,28.43,0.9602,behaviour,,processing,294.6,167.2,36.4,0.5,83.6,9.8,36.7
poisoning,s013,1,sim-06f21d255c49e6a2fc6ae9e7ebd5af1b,login,e50d188ec0f146139ec6ae853b65f09e,monitor,24.47,0.4053,behaviour,,,160.1,57.3,25.7,0.3,20.2,10.8,
poisoning,s013,1,sim-06f21d255c49e6a2fc6ae9e7ebd5af1b,payee,f62533309ea9450880b2e701640c61fa,allow,19.23,0.586,behaviour,,,164.3,62.1,25.7,0.4,20.7,15.1,
poisoning,s013,1,sim-06f21d255c49e6a2fc6ae9e7ebd5af1b,amount,90d4e8f6aabc4a27b15bc04dc42fa475,allow,21.55,0.9272,behaviour,,,275.5,169.0,133.6,0.4,24.3,10.5,
poisoning,s013,1,sim-06f21d255c49e6a2fc6ae9e7ebd5af1b,confirmation,5880df4f63dd4b469ca6564d2be94e17,monitor,28.18,0.9602,behaviour,,processing,289.2,162.5,36.9,0.5,89.3,9.9,25.7
poisoning,s013,2,sim-b7512bd3b6d45fb46ca985b3c5dba013,login,1182e4320b0b487cb584dc2f13952c80,allow,22.13,0.4053,behaviour,,,172.5,71.0,36.5,0.4,23.0,10.9,
poisoning,s013,2,sim-b7512bd3b6d45fb46ca985b3c5dba013,payee,e8525a45a5f341e1a28fb5e0c1cfb2b2,monitor,29.61,0.586,behaviour,,,189.7,69.7,26.5,0.4,32.9,9.7,
poisoning,s013,2,sim-b7512bd3b6d45fb46ca985b3c5dba013,amount,14f9a9025d30487cacd890aaa2a29736,monitor,25.5,0.9272,behaviour,,,194.2,74.6,36.8,0.4,27.7,9.5,
poisoning,s013,2,sim-b7512bd3b6d45fb46ca985b3c5dba013,confirmation,7e07ca6c0806405a92685849425fd147,monitor,27.01,0.9602,behaviour,,processing,262.5,160.3,39.1,0.5,84.5,9.5,26.5
poisoning,s013,3,sim-4ebec5f0b524b7a63d4cff61b4a2ca2c,login,acc76a39f9ff4f33abe165fb63868d95,allow,21.69,0.4053,behaviour,,,169.1,61.4,26.8,0.4,23.9,10.1,
poisoning,s013,3,sim-4ebec5f0b524b7a63d4cff61b4a2ca2c,payee,4dcf86b81e5f4ec0a1e4a2567f79082c,allow,22.82,0.586,behaviour,,,177.6,59.9,16.6,0.4,32.7,9.9,
poisoning,s013,3,sim-4ebec5f0b524b7a63d4cff61b4a2ca2c,amount,3ba3748fea18456cbf28cf2bd672d0ea,monitor,24.76,0.9272,behaviour,,,195.9,70.6,26.9,0.4,33.0,10.0,
poisoning,s013,3,sim-4ebec5f0b524b7a63d4cff61b4a2ca2c,confirmation,0bdb5f3783054c16b3bd031eb174c36c,monitor,30.24,0.9602,behaviour,,processing,269.7,159.5,17.2,0.5,101.1,10.7,29.8
poisoning,s013,4,sim-28eb51e4e157afc5cb1c4c140042deb0,login,4888d6b68aba4a45a51d7a5c4ad507ea,monitor,25.48,0.4053,behaviour,,,228.9,102.1,37.2,0.4,20.2,44.2,
poisoning,s013,4,sim-28eb51e4e157afc5cb1c4c140042deb0,payee,327dfcb97e4f4117ab63a2445b471508,monitor,31.53,0.586,behaviour,,,239.2,70.8,27.4,0.4,33.5,9.2,
poisoning,s013,4,sim-28eb51e4e157afc5cb1c4c140042deb0,amount,5666ae3436154f9a97247f56abb72567,step_up,39.69,0.9272,behaviour,,,195.1,72.8,17.4,0.4,44.7,10.1,
poisoning,s013,4,sim-28eb51e4e157afc5cb1c4c140042deb0,confirmation,bbc45aab28e64c6ab9abe3839f367ad4,step_up,42.91,0.9602,behaviour,,awaiting_step_up,272.5,158.6,27.6,0.5,93.8,10.8,25.7
